,Year,Cumulative capacity (MW),State cumulative capacity (MW),Cumulative waste (metric tons),State waste (metric tons),Number wpo agents
0,2020,0.0,"{'Alabama': 0, 'Arizona': 0, 'Arkansas': 0, 'California': 0, 'Colorado': 0, 'Connecticut': 0, 'Delaware': 0, 'Florida': 0, 'Georgia': 0, 'Idaho': 0, 'Illinois': 0, 'Indiana': 0, 'Iowa': 0, 'Kansas': 0, 'Kentucky': 0, 'Louisiana': 0, 'Maine': 0, 'Maryland': 0, 'Massachusetts': 0, 'Michigan': 0, 'Minnesota': 0, 'Mississippi': 0, 'Missouri': 0, 'Montana': 0, 'Nebraska': 0, 'Nevada': 0, 'New Hampshire': 0, 'New Jersey': 0, 'New Mexico': 0, 'New York': 0, 'North Carolina': 0, 'North Dakota': 0, 'Ohio': 0, 'Oklahoma': 0, 'Oregon': 0, 'Pennsylvania': 0, 'Rhode Island': 0, 'South Carolina': 0, 'South Dakota': 0, 'Tennessee': 0, 'Texas': 0, 'Utah': 0, 'Vermont': 0, 'Virginia': 0, 'Washington': 0, 'West Virginia': 0, 'Wisconsin': 0, 'Wyoming': 0}",0.0,"{'Alabama': 0, 'Arizona': 0, 'Arkansas': 0, 'California': 0, 'Colorado': 0, 'Connecticut': 0, 'Delaware': 0, 'Florida': 0, 'Georgia': 0, 'Idaho': 0, 'Illinois': 0, 'Indiana': 0, 'Iowa': 0, 'Kansas': 0, 'Kentucky': 0, 'Louisiana': 0, 'Maine': 0, 'Maryland': 0, 'Massachusetts': 0, 'Michigan': 0, 'Minnesota': 0, 'Mississippi': 0, 'Missouri': 0, 'Montana': 0, 'Nebraska': 0, 'Nevada': 0, 'New Hampshire': 0, 'New Jersey': 0, 'New Mexico': 0, 'New York': 0, 'North Carolina': 0, 'North Dakota': 0, 'Ohio': 0, 'Oklahoma': 0, 'Oregon': 0, 'Pennsylvania': 0, 'Rhode Island': 0, 'South Carolina': 0, 'South Dakota': 0, 'Tennessee': 0, 'Texas': 0, 'Utah': 0, 'Vermont': 0, 'Virginia': 0, 'Washington': 0, 'West Virginia': 0, 'Wisconsin': 0, 'Wyoming': 0}",0
1,2021,110315.54150408573,"{'Alabama': 0, 'Arizona': 268.3, 'Arkansas': 0.1, 'California': 5297.993605526238, 'Colorado': 4067.765333620938, 'Connecticut': 5.8, 'Delaware': 2.0, 'Florida': 0, 'Georgia': 0, 'Idaho': 972.5, 'Illinois': 6548.776067226891, 'Indiana': 2465.0400000000004, 'Iowa': 10460.478274387437, 'Kansas': 6997.564016393444, 'Kentucky': 0, 'Louisiana': 0, 'Maine': 895.8964285714286, 'Maryland': 191.05, 'Massachusetts': 125.17999999999994, 'Michigan': 2487.935009276438, 'Minnesota': 3866.4263055818583, 'Mississippi': 0, 'Missouri': 1200.6953333333333, 'Montana': 879.0, 'Nebraska': 2361.22, 'Nevada': 151.79999999999998, 'New Hampshire': 214.15, 'New Jersey': 9.0, 'New Mexico': 1792.0245711392406, 'New York': 1967.0078863346102, 'North Carolina': 208.0, 'North Dakota': 3512.9386705635875, 'Ohio': 868.3855555555559, 'Oklahoma': 7921.608973134327, 'Oregon': 3571.8399999999992, 'Pennsylvania': 1474.0, 'Rhode Island': 74.785, 'South Carolina': 0, 'South Dakota': 1722.38261646691, 'Tennessee': 28.98, 'Texas': 31007.789573489234, 'Utah': 390.2325, 'Vermont': 143.5, 'Virginia': 12.0, 'Washington': 3076.8392617449667, 'West Virginia': 716.9565217391304, 'Wisconsin': 724.1999999999999, 'Wyoming': 1633.3999999999999}",214125.3168538625,"{'Alabama': 0, 'Arizona': 571.2122019623746, 'Arkansas': 0.589248264094778, 'California': 11365.162947968058, 'Colorado': 8407.06007411605, 'Connecticut': 3.6148633678463784, 'Delaware': 5.358840835887719, 'Florida': 0, 'Georgia': 0, 'Idaho': 2591.418488204194, 'Illinois': 10442.124484123759, 'Indiana': 5144.873215020092, 'Iowa': 20242.218486317324, 'Kansas': 10361.836437138638, 'Kentucky': 0, 'Louisiana': 0, 'Maine': 1233.5048551282478, 'Maryland': 316.62260194155783, 'Massachusetts': 224.43815073176455, 'Michigan': 3617.566818448223, 'Minnesota': 9393.128237568302, 'Mississippi': 0, 'Missouri': 1691.8655598628925, 'Montana': 2069.6550960222476, 'Nebraska': 2157.090040716602, 'Nevada': 288.81166271001433, 'New Hampshire': 283.1686179883363, 'New Jersey': 42.83903849431914, 'New Mexico': 3941.7113278386532, 'New York': 5899.648989781942, 'North Carolina': 72.27942018093547, 'North Dakota': 6314.97928575543, 'Ohio': 1019.5229537238339, 'Oklahoma': 11805.438393086308, 'Oregon': 11092.020201068604, 'Pennsylvania': 3895.654611804803, 'Rhode Island': 35.44312414153722, 'South Carolina': 0, 'South Dakota': 2252.041537366174, 'Tennessee': 159.03949749823116, 'Texas': 56831.423993114535, 'Utah': 982.4634724543428, 'Vermont': 215.4794740227335, 'Virginia': 0.0, 'Washington': 10189.213899093094, 'West Virginia': 1766.5321274539701, 'Wisconsin': 2163.3296551658364, 'Wyoming': 5034.934923380821}",1322
2,2022,114370.87505969834,"{'Alabama': 0, 'Arizona': 292.447, 'Arkansas': 0.14700000000000002, 'California': 5562.89328580255, 'Colorado': 4149.120640293357, 'Connecticut': 7.192, 'Delaware': 2.5, 'Florida': 0, 'Georgia': 0, 'Idaho': 1011.4, 'Illinois': 6941.702631260502, 'Indiana': 2563.6416000000004, 'Iowa': 10774.29262261906, 'Kansas': 7067.539656557379, 'Kentucky': 0, 'Louisiana': 0, 'Maine': 913.8143571428571, 'Maryland': 213.976, 'Massachusetts': 143.95699999999994, 'Michigan': 2686.969810018553, 'Minnesota': 3905.090568637677, 'Mississippi': 0, 'Missouri': 1308.7579133333331, 'Montana': 922.95, 'Nebraska': 2455.6688, 'Nevada': 166.98, 'New Hampshire': 226.999, 'New Jersey': 11.07, 'New Mexico': 1917.4662911189873, 'New York': 2124.3685172413793, 'North Carolina': 241.28, 'North Dakota': 3548.0680572692236, 'Ohio': 955.2241111111115, 'Oklahoma': 8080.041152597015, 'Oregon': 3678.9952, 'Pennsylvania': 1606.6599999999999, 'Rhode Island': 81.51565, 'South Carolina': 0, 'South Dakota': 1791.2779211255863, 'Tennessee': 34.1964, 'Texas': 31938.023260693906, 'Utah': 401.939475, 'Vermont': 152.11, 'Virginia': 13.68, 'Washington': 3230.681224832215, 'West Virginia': 759.9739130434782, 'Wisconsin': 803.862, 'Wyoming': 1682.4019999999998}",405548.99268418935,"{'Alabama': 0, 'Arizona': 1117.3995354832377, 'Arkansas': 0.9229687284050266, 'California': 21286.77110051307, 'Colorado': 15874.397944032366, 'Connecticut': 8.521100054222998, 'Delaware': 10.29781927028515, 'Florida': 0, 'Georgia': 0, 'Idaho': 5103.446692501629, 'Illinois': 20345.003606068694, 'Indiana': 10214.850499306158, 'Iowa': 38106.962635409, 'Kansas': 20734.579309120276, 'Kentucky': 0, 'Louisiana': 0, 'Maine': 2515.855770967603, 'Maryland': 647.7084972528299, 'Massachusetts': 448.01626094935096, 'Michigan': 7568.090549937832, 'Minnesota': 17249.68012756592, 'Mississippi': 0, 'Missouri': 3337.282612598504, 'Montana': 3890.013160214144, 'Nebraska': 4669.722870150229, 'Nevada': 614.6079019690666, 'New Hampshire': 564.1995638318018, 'New Jersey': 72.32949833699602, 'New Mexico': 6915.040979799207, 'New York': 10755.811123572903, 'North Carolina': 212.20676148160237, 'North Dakota': 12185.65408198348, 'Ohio': 2126.207772953848, 'Oklahoma': 23718.644317927367, 'Oregon': 19937.616958147668, 'Pennsylvania': 7245.679791669967, 'Rhode Island': 84.07732139469283, 'South Carolina': 0, 'South Dakota': 4336.6497716167, 'Tennessee': 250.7581315668824, 'Texas': 106258.86803370349, 'Utah': 1866.4506825396988, 'Vermont': 445.4751458334149, 'Virginia': 0.25082828805549184, 'Washington': 18631.521757260278, 'West Virginia': 3232.0762412699796, 'Wisconsin': 3988.8982363818027, 'Wyoming': 8976.44472253729}",1401
3,2023,118631.4955136784,"{'Alabama': 0, 'Arizona': 318.76723, 'Arkansas': 0.21609, 'California': 5841.0379500926765, 'Colorado': 4232.103053099223, 'Connecticut': 8.91808, 'Delaware': 3.125, 'Florida': 0, 'Georgia': 0, 'Idaho': 1051.856, 'Illinois': 7358.2047891361335, 'Indiana': 2666.1872640000006, 'Iowa': 11097.521401297627, 'Kansas': 7138.215053122953, 'Kentucky': 0, 'Louisiana': 0, 'Maine': 932.0906442857142, 'Maryland': 239.65312, 'Massachusetts': 165.55054999999993, 'Michigan': 2901.927394820036, 'Minnesota': 3944.1414743240534, 'Mississippi': 0, 'Missouri': 1426.546125533333, 'Montana': 969.0975000000001, 'Nebraska': 2553.895552, 'Nevada': 183.678, 'New Hampshire': 240.61894, 'New Jersey': 13.6161, 'New Mexico': 2051.6889314973164, 'New York': 2294.317998620689, 'North Carolina': 279.8848, 'North Dakota': 3583.5487378419157, 'Ohio': 1050.7465222222227, 'Oklahoma': 8241.641975648956, 'Oregon': 3789.365056, 'Pennsylvania': 1751.2594, 'Rhode Island': 88.8520585, 'South Carolina': 0, 'South Dakota': 1862.9290379706097, 'Tennessee': 40.351752, 'Texas': 32896.16395851471, 'Utah': 413.99765925, 'Vermont': 161.2366, 'Virginia': 15.5952, 'Washington': 3392.215286073826, 'West Virginia': 805.5723478260868, 'Wisconsin': 892.2868199999999, 'Wyoming': 1732.8740599999999}",581114.6286791714,"{'Alabama': 0, 'Arizona': 1676.4172199185134, 'Arkansas': 1.0822127792508764, 'California': 30069.31914893091, 'Colorado': 22766.135070679178, 'Connecticut': 14.752240792287132, 'Delaware': 15.046391812905961, 'Florida': 0, 'Georgia': 0, 'Idaho': 7401.427820676271, 'Illinois': 30114.61562616994, 'Indiana': 14742.049762415074, 'Iowa': 54316.66474442433, 'Kansas': 31449.984973769086, 'Kentucky': 0, 'Louisiana': 0, 'Maine': 3808.3737771700235, 'Maryland': 976.2186485497658, 'Massachusetts': 675.2818246253191, 'Michigan': 11864.987777973067, 'Minnesota': 23891.96336607238, 'Mississippi': 0, 'Missouri': 5032.141387687718, 'Montana': 5399.549732665993, 'Nebraska': 7491.46091581552, 'Nevada': 930.6214265491021, 'New Hampshire': 853.3640567653924, 'New Jersey': 91.58745978867411, 'New Mexico': 9447.542511987393, 'New York': 14892.45309695037, 'North Carolina': 419.7016338418456, 'North Dakota': 17717.046137208326, 'Ohio': 3387.6692537323024, 'Oklahoma': 36158.31497374147, 'Oregon': 26878.0255739231, 'Pennsylvania': 10047.68157495544, 'Rhode Island': 148.1931093700307, 'South Carolina': 0, 'South Dakota': 6425.54842163739, 'Tennessee': 302.7609509074749, 'Texas': 150933.25469923014, 'Utah': 2719.0594931654778, 'Vermont': 693.2194487449397, 'Virginia': 1.5575285271215389, 'Washington': 25228.094307589112, 'West Virginia': 4418.833033677297, 'Wisconsin': 5570.1233012973, 'Wyoming': 12142.504042654391}",1480
4,2024,123111.19327055402,"{'Alabama': 0, 'Arizona': 347.4562807, 'Arkansas': 0.3176523, 'California': 6133.089847597311, 'Colorado': 4316.745114161207, 'Connecticut': 11.0584192, 'Delaware': 3.90625, 'Florida': 0, 'Georgia': 0, 'Idaho': 1093.93024, 'Illinois': 7799.6970764843, 'Indiana': 2772.834754560001, 'Iowa': 11430.447043336555, 'Kansas': 7209.5972036541825, 'Kentucky': 0, 'Louisiana': 0, 'Maine': 950.7324571714285, 'Maryland': 268.4114944, 'Massachusetts': 190.38313249999993, 'Michigan': 3134.0815864056394, 'Minnesota': 3983.582889067294, 'Mississippi': 0, 'Missouri': 1554.9352768313329, 'Montana': 1017.552375, 'Nebraska': 2656.0513740799997, 'Nevada': 202.04579999999999, 'New Hampshire': 255.0560764, 'New Jersey': 16.747802999999998, 'New Mexico': 2195.3071567021293, 'New York': 2477.8634385103446, 'North Carolina': 324.666368, 'North Dakota': 3619.384225220335, 'Ohio': 1155.821174444445, 'Oklahoma': 8406.474815161935, 'Oregon': 3903.0460076800005, 'Pennsylvania': 1908.872746, 'Rhode Island': 96.848743765, 'South Carolina': 0, 'South Dakota': 1937.4461994894339, 'Tennessee': 47.61506736, 'Texas': 33883.04887727016, 'Utah': 426.4175890275, 'Vermont': 170.910796, 'Virginia': 17.778528, 'Washington': 3561.8260503775173, 'West Virginia': 853.906688695652, 'Wisconsin': 990.4383701999999, 'Wyoming': 1784.8602817999997}",743980.3138508697,"{'Alabama': 0, 'Arizona': 2188.390983935236, 'Arkansas': 1.1562258332261852, 'California': 37941.030164289106, 'Colorado': 29202.800750179304, 'Connecticut': 22.81785837181044, 'Delaware': 19.424361783161217, 'Florida': 0, 'Georgia': 0, 'Idaho': 9436.305907890672, 'Illinois': 39093.14310840798, 'Indiana': 19037.07383815042, 'Iowa': 69156.43015198117, 'Kansas': 42481.72912821852, 'Kentucky': 0, 'Louisiana': 0, 'Maine': 5077.168530147541, 'Maryland': 1290.979207219644, 'Massachusetts': 885.2621425226307, 'Michigan': 16390.622166997407, 'Minnesota': 29511.44598824034, 'Mississippi': 0, 'Missouri': 6748.944183429404, 'Montana': 6671.599591447633, 'Nebraska': 10699.387334855985, 'Nevada': 1254.8466077233898, 'New Hampshire': 1131.8010126847855, 'New Jersey': 103.8938550244938, 'New Mexico': 11663.905536959148, 'New York': 18203.828049031694, 'North Carolina': 745.1867474937006, 'North Dakota': 22929.998553311354, 'Ohio': 4739.924681641923, 'Oklahoma': 49008.788929991664, 'Oregon': 32323.429836632822, 'Pennsylvania': 12371.837281343198, 'Rhode Island': 228.79140117714314, 'South Carolina': 0, 'South Dakota': 8395.81912365905, 'Tennessee': 328.6862802150182, 'Texas': 192997.16801697432, 'Utah': 3455.6373162226287, 'Vermont': 936.1829835197959, 'Virginia': 4.488063020500459, 'Washington': 30473.342312655193, 'West Virginia': 5414.700516756305, 'Wisconsin': 6878.312751943471, 'Wyoming': 14534.032368985683}",1559
5,2025,127824.93795395784,"{'Alabama': 0, 'Arizona': 378.72734596299995, 'Arkansas': 0.466948881, 'California': 6439.7443399771755, 'Colorado': 4403.080016444432, 'Connecticut': 13.712439808, 'Delaware': 4.8828125, 'Florida': 0, 'Georgia': 0, 'Idaho': 1137.6874495999998, 'Illinois': 8267.67890107336, 'Indiana': 2883.7481447424007, 'Iowa': 11773.360454636653, 'Kansas': 7281.693175690725, 'Kentucky': 0, 'Louisiana': 0, 'Maine': 969.747106314857, 'Maryland': 300.620873728, 'Massachusetts': 218.9406023749999, 'Michigan': 3384.8081133180913, 'Minnesota': 4023.418717957967, 'Mississippi': 0, 'Missouri': 1694.8794517461529, 'Montana': 1068.42999375, 'Nebraska': 2762.2934290431995, 'Nevada': 222.25038, 'New Hampshire': 270.359440984, 'New Jersey': 20.599797689999995, 'New Mexico': 2348.978657671278, 'New York': 2676.0925135911725, 'North Carolina': 376.61298688, 'North Dakota': 3655.5780674725384, 'Ohio': 1271.4032918888895, 'Oklahoma': 8574.604311465177, 'Oregon': 4020.1373879104003, 'Pennsylvania': 2080.6712931399998, 'Rhode Island': 105.56513070384999, 'South Carolina': 0, 'South Dakota': 2014.9440474690111, 'Tennessee': 56.185779484799994, 'Texas': 34899.5403435883, 'Utah': 439.210116698325, 'Vermont': 181.16544376000002, 'Virginia': 20.26752192, 'Washington': 3739.917352896393, 'West Virginia': 905.1410900173911, 'Wisconsin': 1099.3865909219999, 'Wyoming': 1838.4060902539998}",898313.0880192715,"{'Alabama': 0, 'Arizona': 2674.276642164751, 'Arkansas': 1.2169653134694438, 'California': 44787.94903380294, 'Colorado': 35114.905496885534, 'Connecticut': 31.417294366562096, 'Delaware': 22.809899879057532, 'Florida': 0, 'Georgia': 0, 'Idaho': 11192.708238021916, 'Illinois': 47709.08918424318, 'Indiana': 22845.284155443103, 'Iowa': 83167.563634476, 'Kansas': 53858.940776900214, 'Kentucky': 0, 'Louisiana': 0, 'Maine': 6314.724100162459, 'Maryland': 1578.304042042006, 'Massachusetts': 1087.789463289269, 'Michigan': 20945.510947423292, 'Minnesota': 34396.05970337506, 'Mississippi': 0, 'Missouri': 8516.271838210761, 'Montana': 7767.441854415848, 'Nebraska': 14382.194288434994, 'Nevada': 1568.381996861401, 'New Hampshire': 1394.6780467279523, 'New Jersey': 111.17799785410436, 'New Mexico': 14052.435855705482, 'New York': 20815.921793380166, 'North Carolina': 1140.9114087795663, 'North Dakota': 27818.60764623601, 'Ohio': 6078.49651493081, 'Oklahoma': 62250.82802075841, 'Oregon': 36509.50298167264, 'Pennsylvania': 14353.110869154965, 'Rhode Island': 329.0884169334649, 'South Carolina': 0, 'South Dakota': 10373.819994926662, 'Tennessee': 340.08985764114976, 'Texas': 234661.15354005713, 'Utah': 4073.485305058386, 'Vermont': 1168.8006417762713, 'Virginia': 10.30372184897338, 'Washington': 34337.43005690863, 'West Virginia': 6230.102275345629, 'Wisconsin': 7920.187723114465, 'Wyoming': 16380.11579474567}",1638
6,2026,132789.0033266837,"{'Alabama': 0, 'Arizona': 412.81280709966995, 'Arkansas': 0.68641485507, 'California': 6761.731556976032, 'Colorado': 4491.14161677332, 'Connecticut': 17.003425361919998, 'Delaware': 6.103515625, 'Florida': 0, 'Georgia': 0, 'Idaho': 1183.1949475839997, 'Illinois': 8763.739635137761, 'Indiana': 2999.0980705320962, 'Iowa': 12126.56126827575, 'Kansas': 7354.510107447632, 'Kentucky': 0, 'Louisiana': 0, 'Maine': 989.1420484411541, 'Maryland': 336.69537857536, 'Massachusetts': 251.7816927312499, 'Michigan': 3655.5927623835387, 'Minnesota': 4063.652905137547, 'Mississippi': 0, 'Missouri': 1847.418602403307, 'Montana': 1121.8514934374998, 'Nebraska': 2872.785166204927, 'Nevada': 244.47541800000002, 'New Hampshire': 286.58100744304, 'New Jersey': 25.337751158699994, 'New Mexico': 2513.407163708267, 'New York': 2890.1799146784665, 'North Carolina': 436.8710647808, 'North Dakota': 3692.133848147264, 'Ohio': 1398.5436210777787, 'Oklahoma': 8746.09639769448, 'Oregon': 4140.741509547713, 'Pennsylvania': 2267.9317095225997, 'Rhode Island': 115.0659924671965, 'South Carolina': 0, 'South Dakota': 2095.5418093677717, 'Tennessee': 66.299219792064, 'Texas': 35946.52655389594, 'Utah': 452.38642019927477, 'Vermont': 192.0353703856, 'Virginia': 23.104974988800002, 'Washington': 3926.9132205412125, 'West Virginia': 959.4495554184346, 'Wisconsin': 1220.31911592342, 'Wyoming': 1893.5582729616197}",1042996.3018759647,"{'Alabama': 0, 'Arizona': 3040.878387910119, 'Arkansas': 1.2988718953648761, 'California': 50651.006872907245, 'Colorado': 40553.110910872994, 'Connecticut': 41.15398387177665, 'Delaware': 25.6904187957137, 'Florida': 0, 'Georgia': 0, 'Idaho': 12574.44900180603, 'Illinois': 55918.64093524039, 'Indiana': 26151.03725886955, 'Iowa': 96647.24767833567, 'Kansas': 64627.118099402185, 'Kentucky': 0, 'Louisiana': 0, 'Maine': 7472.243097988006, 'Maryland': 1840.2094869362318, 'Massachusetts': 1263.8660325188534, 'Michigan': 25463.076706898613, 'Minnesota': 38546.32751449542, 'Mississippi': 0, 'Missouri': 10309.580476492267, 'Montana': 8677.135986203444, 'Nebraska': 18333.21093115098, 'Nevada': 1817.2193743527143, 'New Hampshire': 1630.4158703449061, 'New Jersey': 117.6919552552849, 'New Mexico': 16500.56215210854, 'New York': 22985.550411294716, 'North Carolina': 1664.1940669733642, 'North Dakota': 32404.172961866116, 'Ohio': 7517.425830268192, 'Oklahoma': 75232.64257059722, 'Oregon': 39715.6195666655, 'Pennsylvania': 15967.271638766271, 'Rhode Island': 442.9806790171658, 'South Carolina': 0, 'South Dakota': 12384.713922730807, 'Tennessee': 349.01937031884086, 'Texas': 275758.6497423598, 'Utah': 4529.079707119021, 'Vermont': 1364.6486458705785, 'Virginia': 20.4004811706951, 'Washington': 37100.527416075, 'West Virginia': 6911.029852492169, 'Wisconsin': 8735.299086701836, 'Wyoming': 17709.90392102124}",1717
7,2027,138021.10863151855,"{'Alabama': 0, 'Arizona': 449.96595973864027, 'Arkansas': 1.0090298369529, 'California': 7099.818134824833, 'Colorado': 4580.9644491087865, 'Connecticut': 21.084247448780797, 'Delaware': 7.62939453125, 'Florida': 0, 'Georgia': 0, 'Idaho': 1230.5227454873598, 'Illinois': 9289.564013246025, 'Indiana': 3119.06199335338, 'Iowa': 12490.35810632402, 'Kansas': 7428.055208522109, 'Kentucky': 0, 'Louisiana': 0, 'Maine': 1008.9248894099771, 'Maryland': 377.09882400440324, 'Massachusetts': 289.5489466409374, 'Michigan': 3948.0401833742217, 'Minnesota': 4104.289434188922, 'Mississippi': 0, 'Missouri': 2013.6862766196048, 'Montana': 1177.9440681093747, 'Nebraska': 2987.6965728531245, 'Nevada': 268.9229598, 'New Hampshire': 303.7758678896224, 'New Jersey': 31.165433925200993, 'New Mexico': 2689.345665167846, 'New York': 3121.394307852744, 'North Carolina': 506.770435145728, 'North Dakota': 3729.0551866287365, 'Ohio': 1538.3979831855568, 'Oklahoma': 8921.018325648369, 'Oregon': 4264.963754834144, 'Pennsylvania': 2472.0455633796337, 'Rhode Island': 125.42193178924418, 'South Carolina': 0, 'South Dakota': 2179.3634817424827, 'Tennessee': 78.2330793546355, 'Texas': 37024.92235051283, 'Utah': 465.958012805253, 'Vermont': 203.557492608736, 'Virginia': 26.339671487232003, 'Washington': 4123.258881568273, 'West Virginia': 1017.0165287435407, 'Wisconsin': 1354.554218674996, 'Wyoming': 1950.3650211504682}",1185703.9790323065,"{'Alabama': 0, 'Arizona': 3369.3268490209402, 'Arkansas': 1.4451871857545528, 'California': 55657.3480642252, 'Colorado': 45887.37965529814, 'Connecticut': 51.85287205936386, 'Delaware': 28.493034615048927, 'Florida': 0, 'Georgia': 0, 'Idaho': 13620.549655300172, 'Illinois': 64379.20437926776, 'Indiana': 29164.451872876227, 'Iowa': 110561.90821016564, 'Kansas': 75170.37805518514, 'Kentucky': 0, 'Louisiana': 0, 'Maine': 8534.007747331993, 'Maryland': 2076.7475868486595, 'Massachusetts': 1434.6473672088837, 'Michigan': 30063.894528454475, 'Minnesota': 42250.02247280451, 'Mississippi': 0, 'Missouri': 12324.433334754433, 'Montana': 9551.042513727703, 'Nebraska': 22640.367915712774, 'Nevada': 2068.3897989031884, 'New Hampshire': 1847.5598795115907, 'New Jersey': 125.16605255881738, 'New Mexico': 19191.240116053716, 'New York': 24841.14135359477, 'North Carolina': 2321.8435771535983, 'North Dakota': 36910.18771536355, 'Ohio': 8974.655349575225, 'Oklahoma': 87834.24855408081, 'Oregon': 42208.83515483046, 'Pennsylvania': 17378.901757080137, 'Rhode Island': 571.9114927615731, 'South Carolina': 0, 'South Dakota': 14523.200532929393, 'Tennessee': 360.18916781671373, 'Texas': 318247.76102428, 'Utah': 4905.500978530905, 'Vermont': 1550.874291594076, 'Virginia': 35.527257274362384, 'Washington': 39228.272801853745, 'West Virginia': 7515.232970740815, 'Wisconsin': 9487.71676177639, 'Wyoming': 18808.121141999345}",1796
8,2028,143540.5791112649,"{'Alabama': 0, 'Arizona': 490.46289611511787, 'Arkansas': 1.4832738603207631, 'California': 7454.809041566075, 'Colorado': 4672.5837380909625, 'Connecticut': 26.14446683648819, 'Delaware': 9.5367431640625, 'Florida': 0, 'Georgia': 0, 'Idaho': 1279.7436553068542, 'Illinois': 9846.937854040787, 'Indiana': 3243.824473087515, 'Iowa': 12865.06884951374, 'Kansas': 7502.33576060733, 'Kentucky': 0, 'Louisiana': 0, 'Maine': 1029.1033871981767, 'Maryland': 422.35068288493164, 'Massachusetts': 332.981288637078, 'Michigan': 4263.8833980441605, 'Minnesota': 4145.332328530811, 'Mississippi': 0, 'Missouri': 2194.918041515369, 'Montana': 1236.8412715148434, 'Nebraska': 3107.2044357672494, 'Nevada': 295.81525578, 'New Hampshire': 322.00241996299974, 'New Jersey': 38.33348372799722, 'New Mexico': 2877.599861729595, 'New York': 3371.105852480964, 'North Carolina': 587.8537047690445, 'North Dakota': 3766.345738495024, 'Ohio': 1692.2377815041125, 'Oklahoma': 9099.438692161337, 'Oregon': 4392.912667479168, 'Pennsylvania': 2694.5296640838005, 'Rhode Island': 136.70990565027617, 'South Carolina': 0, 'South Dakota': 2266.538021012182, 'Tennessee': 92.3150336384699, 'Texas': 38135.67002102823, 'Utah': 479.93675318941064, 'Vermont': 215.77094216526015, 'Virginia': 30.027225495444483, 'Washington': 4329.421825646686, 'West Virginia': 1078.0375204681532, 'Wisconsin': 1503.5551827292456, 'Wyoming': 2008.8759717849823}",1323680.8985113606,"{'Alabama': 0, 'Arizona': 3658.465568894977, 'Arkansas': 1.7066037789538242, 'California': 59917.03941830953, 'Colorado': 50910.21318768933, 'Connecticut': 63.16710091626111, 'Delaware': 31.623395056009436, 'Florida': 0, 'Georgia': 0, 'Idaho': 14376.661002361772, 'Illinois': 72904.74237929606, 'Indiana': 31941.52359669302, 'Iowa': 124520.58736339756, 'Kansas': 84891.35749037327, 'Kentucky': 0, 'Louisiana': 0, 'Maine': 9518.172090894079, 'Maryland': 2286.5787867411245, 'Massachusetts': 1595.5150619923852, 'Michigan': 34638.32800654007, 'Minnesota': 45684.78162725834, 'Mississippi': 0, 'Missouri': 14545.3844102269, 'Montana': 10386.05360597746, 'Nebraska': 27117.99689950179, 'Nevada': 2264.1822488456414, 'New Hampshire': 2037.0369995156502, 'New Jersey': 135.5074929052024, 'New Mexico': 22134.705770270975, 'New York': 26509.14767182166, 'North Carolina': 3050.323350170432, 'North Dakota': 41218.995519173375, 'Ohio': 10455.149112382907, 'Oklahoma': 99511.2181001596, 'Oregon': 44266.58768324822, 'Pennsylvania': 18628.723614717732, 'Rhode Island': 711.06641072764, 'South Carolina': 0, 'South Dakota': 16810.66820961972, 'Tennessee': 376.445867261481, 'Texas': 360779.20352050883, 'Utah': 5203.862509470284, 'Vermont': 1704.5136476504051, 'Virginia': 55.03880227335825, 'Washington': 40856.22337078477, 'West Virginia': 8079.581734107133, 'Wisconsin': 10164.212898444848, 'Wyoming': 19738.606381396876}",1874
9,2029,149368.5290816088,"{'Alabama': 0, 'Arizona': 534.6045567654785, 'Arkansas': 2.1804125746715215, 'California': 7827.549493644377, 'Colorado': 4766.0354128527815, 'Connecticut': 32.41913887724535, 'Delaware': 11.920928955078125, 'Florida': 0, 'Georgia': 0, 'Idaho': 1330.9334015191284, 'Illinois': 10437.754125283229, 'Indiana': 3373.5774520110153, 'Iowa': 13251.020914999153, 'Kansas': 7577.359118213403, 'Kentucky': 0, 'Louisiana': 0, 'Maine': 1049.6854549421403, 'Maryland': 473.0327648311234, 'Massachusetts': 382.9284819326397, 'Michigan': 4604.994069887695, 'Minnesota': 4186.785651816119, 'Mississippi': 0, 'Missouri': 2392.460665251752, 'Montana': 1298.6833350905856, 'Nebraska': 3231.492613197939, 'Nevada': 325.39678135799994, 'New Hampshire': 341.32256516077973, 'New Jersey': 47.15018498543658, 'New Mexico': 3079.0318520506667, 'New York': 3640.7943206794416, 'North Carolina': 681.9102975320916, 'North Dakota': 3804.0091958799744, 'Ohio': 1861.4615596545236, 'Oklahoma': 9281.427466004565, 'Oregon': 4524.700047503543, 'Pennsylvania': 2937.0373338513427, 'Rhode Island': 149.01379715880103, 'South Carolina': 0, 'South Dakota': 2357.1995418526694, 'Tennessee': 108.93173969339448, 'Texas': 39279.740121659095, 'Utah': 494.33485578509294, 'Vermont': 228.71719869517577, 'Virginia': 34.23103706480671, 'Washington': 4545.892916929021, 'West Virginia': 1142.7197716962423, 'Wisconsin': 1668.9462528294628, 'Wyoming': 2069.1422509385316}",1455183.7293709072,"{'Alabama': 0, 'Arizona': 3915.2194048286165, 'Arkansas': 2.119235780371311, 'California': 63628.48544750213, 'Colorado': 55500.48186850095, 'Connecticut': 74.86817262995194, 'Delaware': 35.534622966796256, 'Florida': 0, 'Georgia': 0, 'Idaho': 14959.910625184197, 'Illinois': 81617.60692818296, 'Indiana': 34411.71066638655, 'Iowa': 138319.15197528506, 'Kansas': 93585.76434271604, 'Kentucky': 0, 'Louisiana': 0, 'Maine': 10323.679236542946, 'Maryland': 2483.3575223393686, 'Massachusetts': 1760.4962587877578, 'Michigan': 39031.453644608526, 'Minnesota': 48704.95815564445, 'Mississippi': 0, 'Missouri': 16825.62968590479, 'Montana': 11207.210591622359, 'Nebraska': 31461.2456061957, 'Nevada': 2438.920436773864, 'New Hampshire': 2207.846619599855, 'New Jersey': 149.48429297512976, 'New Mexico': 25183.91285962647, 'New York': 28179.230709851603, 'North Carolina': 3839.753875211622, 'North Dakota': 45168.15780338693, 'Ohio': 11911.568005782108, 'Oklahoma': 109934.01536342571, 'Oregon': 45982.62932206754, 'Pennsylvania': 19867.921796984247, 'Rhode Island': 854.0655526149121, 'South Carolina': 0, 'South Dakota': 19206.12509751374, 'Tennessee': 400.7606626305196, 'Texas': 402211.6605066257, 'Utah': 5454.534955544284, 'Vermont': 1828.3925578465464, 'Virginia': 80.31573408842694, 'Washington': 42308.652477213465, 'West Virginia': 8632.876478786642, 'Wisconsin': 10849.307356162037, 'Wyoming': 20644.712914585914}",1929
10,2030,155528.07172755562,"{'Alabama': 0, 'Arizona': 582.7189668743715, 'Arkansas': 3.205206484767136, 'California': 8218.926968326596, 'Colorado': 4861.356121109837, 'Connecticut': 40.19973220778424, 'Delaware': 14.901161193847656, 'Florida': 0, 'Georgia': 0, 'Idaho': 1384.1707375798937, 'Illinois': 11064.019372800223, 'Indiana': 3508.520550091456, 'Iowa': 13648.551542449128, 'Kansas': 7653.132709395538, 'Kentucky': 0, 'Louisiana': 0, 'Maine': 1070.679164040983, 'Maryland': 529.7966966108582, 'Massachusetts': 440.36775422253567, 'Michigan': 4973.393595478711, 'Minnesota': 4228.653508334281, 'Mississippi': 0, 'Missouri': 2607.782125124409, 'Montana': 1363.617501845115, 'Nebraska': 3360.7523177258563, 'Nevada': 357.93645949379993, 'New Hampshire': 361.8019190704265, 'New Jersey': 57.994727532087, 'New Mexico': 3294.5640816942127, 'New York': 3932.0578663337974, 'North Carolina': 791.0159451372263, 'North Dakota': 3842.0492878387736, 'Ohio': 2047.607715619976, 'Oklahoma': 9467.056015324657, 'Oregon': 4660.441048928651, 'Pennsylvania': 3201.370693897964, 'Rhode Island': 162.4250389030931, 'South Carolina': 0, 'South Dakota': 2451.4875235267764, 'Tennessee': 128.53945283820548, 'Texas': 40458.13232530888, 'Utah': 509.1649014586457, 'Vermont': 242.4402306168863, 'Virginia': 39.02338225387965, 'Washington': 4773.187562775472, 'West Virginia': 1211.2829579980169, 'Wisconsin': 1852.5303406407036, 'Wyoming': 2131.2165184666874}",1581609.632614745,"{'Alabama': 0, 'Arizona': 4171.738783738121, 'Arkansas': 2.791545717518437, 'California': 67011.61772258216, 'Colorado': 59565.08655895298, 'Connecticut': 87.97228895122338, 'Delaware': 40.68096392191263, 'Florida': 0, 'Georgia': 0, 'Idaho': 15443.071302275937, 'Illinois': 90677.6703440423, 'Indiana': 36825.24610443919, 'Iowa': 151987.27527486847, 'Kansas': 101226.93950316648, 'Kentucky': 0, 'Louisiana': 0, 'Maine': 10998.385167847147, 'Maryland': 2686.305870298934, 'Massachusetts': 1938.2694512891137, 'Michigan': 43526.261483390714, 'Minnesota': 51436.28114515526, 'Mississippi': 0, 'Missouri': 19254.521027127903, 'Montana': 12033.688796667615, 'Nebraska': 35508.66944311708, 'Nevada': 2613.2268289420003, 'New Hampshire': 2363.8255327681914, 'New Jersey': 168.47481081003593, 'New Mexico': 28240.38102441728, 'New York': 29896.964597265538, 'North Carolina': 4763.558287550812, 'North Dakota': 48686.747382248075, 'Ohio': 13398.275313475617, 'Oklahoma': 118915.95696763045, 'Oregon': 47555.78675073205, 'Pennsylvania': 21157.471886914907, 'Rhode Island': 997.3813699386585, 'South Carolina': 0, 'South Dakota': 21822.971658147435, 'Tennessee': 434.5812227939408, 'Texas': 442379.2571115867, 'Utah': 5673.779478359022, 'Vermont': 1938.1200412822732, 'Virginia': 110.8279279121917, 'Washington': 43703.400790079104, 'West Virginia': 9200.550497110222, 'Wisconsin': 11615.868299941283, 'Wyoming': 21549.75205728816}",1980
11,2031,162044.56083961396,"{'Alabama': 0, 'Arizona': 635.1636738930649, 'Arkansas': 4.71165353260769, 'California': 8629.873316742924, 'Colorado': 4958.5832435320335, 'Connecticut': 49.84766793765245, 'Delaware': 18.62645149230957, 'Florida': 0, 'Georgia': 0, 'Idaho': 1439.5375670830895, 'Illinois': 11727.860535168238, 'Indiana': 3648.861372095114, 'Iowa': 14058.0080887226, 'Kansas': 7729.664036489493, 'Kentucky': 0, 'Louisiana': 0, 'Maine': 1092.0927473218028, 'Maryland': 593.3723002041612, 'Massachusetts': 506.422917355916, 'Michigan': 5371.2650831170085, 'Minnesota': 4270.940043417623, 'Mississippi': 0, 'Missouri': 2842.4825163856062, 'Montana': 1431.7983769373707, 'Nebraska': 3495.1824104348907, 'Nevada': 393.7301054431799, 'New Hampshire': 383.5100342146521, 'New Jersey': 71.333514864467, 'New Mexico': 3525.183567412808, 'New York': 4246.622495640501, 'North Carolina': 917.5784963591825, 'North Dakota': 3880.4697807171615, 'Ohio': 2252.3684871819737, 'Oklahoma': 9656.39713563115, 'Oregon': 4800.25428039651, 'Pennsylvania': 3489.4940563487808, 'Rhode Island': 177.0432924043715, 'South Carolina': 0, 'South Dakota': 2549.547024467847, 'Tennessee': 151.67655434908247, 'Texas': 41671.87629506813, 'Utah': 524.4398485024051, 'Vermont': 256.9866444538995, 'Virginia': 44.4866557694228, 'Washington': 5011.846940914244, 'West Virginia': 1283.959935477898, 'Wisconsin': 2056.308678111181, 'Wyoming': 2195.153014020688}",1702214.6497697425,"{'Alabama': 0, 'Arizona': 4454.652567960122, 'Arkansas': 3.848572012358779, 'California': 70278.09404876988, 'Colorado': 63371.79452191538, 'Connecticut': 102.76957206325714, 'Delaware': 47.96902877360333, 'Florida': 0, 'Georgia': 0, 'Idaho': 15878.678898133252, 'Illinois': 99980.35873440764, 'Indiana': 39045.736453404556, 'Iowa': 165229.43239148546, 'Kansas': 107661.54529288353, 'Kentucky': 0, 'Louisiana': 0, 'Maine': 11543.148984030924, 'Maryland': 2912.143207722319, 'Massachusetts': 2147.259219154637, 'Michigan': 48170.30225435365, 'Minnesota': 53781.73436921376, 'Mississippi': 0, 'Missouri': 21826.50135042899, 'Montana': 12868.120593299454, 'Nebraska': 39398.27389099748, 'Nevada': 2799.640102044318, 'New Hampshire': 2516.4856438422353, 'New Jersey': 194.98456883449504, 'New Mexico': 31261.46430550963, 'New York': 31793.09316957972, 'North Carolina': 5768.061968604039, 'North Dakota': 51864.836558069685, 'Ohio': 14919.893354365697, 'Oklahoma': 126573.32535862508, 'Oregon': 49139.944085079565, 'Pennsylvania': 22622.64990401228, 'Rhode Island': 1138.8835203110443, 'South Carolina': 0, 'South Dakota': 24359.9474535366, 'Tennessee': 481.2093897509343, 'Texas': 480071.7797197618, 'Utah': 5875.248274664312, 'Vermont': 2036.821700166005, 'Virginia': 150.21602475919798, 'Washington': 45143.56290881797, 'West Virginia': 9799.249937046698, 'Wisconsin': 12460.48561196422, 'Wyoming': 22540.502259387413}",2028
12,2032,168945.87109398324,"{'Alabama': 0, 'Arizona': 692.3284045434408, 'Arkansas': 6.926130692933304, 'California': 9061.366982580066, 'Colorado': 5057.754908402674, 'Connecticut': 61.811108242689045, 'Delaware': 23.283064365386963, 'Florida': 0, 'Georgia': 0, 'Idaho': 1497.1190697664128, 'Illinois': 12431.532167278336, 'Indiana': 3794.8158269789183, 'Iowa': 14479.748331384279, 'Kansas': 7806.960676854388, 'Kentucky': 0, 'Louisiana': 0, 'Maine': 1113.934602268239, 'Maryland': 664.5769762286606, 'Massachusetts': 582.3863549593034, 'Michigan': 5800.966289766368, 'Minnesota': 4313.649443851799, 'Mississippi': 0, 'Missouri': 3098.3059428603106, 'Montana': 1503.3882957842393, 'Nebraska': 3634.9897068522864, 'Nevada': 433.1031159874979, 'New Hampshire': 406.5206362675312, 'New Jersey': 87.74022328329443, 'New Mexico': 3771.946417131704, 'New York': 4586.352295291742, 'North Carolina': 1064.3910557766517, 'North Dakota': 3919.274478524333, 'Ohio': 2477.6053359001717, 'Oklahoma': 9849.525078343775, 'Oregon': 4944.261908808405, 'Pennsylvania': 3803.5485214201717, 'Rhode Island': 192.97718872076493, 'South Carolina': 0, 'South Dakota': 2651.528905446561, 'Tennessee': 178.9783341319173, 'Texas': 42922.03258392015, 'Utah': 540.1730439574773, 'Vermont': 272.40584312113344, 'Virginia': 50.714787577142, 'Washington': 5262.439287959956, 'West Virginia': 1360.997531606572, 'Wisconsin': 2282.5026327034107, 'Wyoming': 2261.0076044413086}",1814216.3951391391,"{'Alabama': 0, 'Arizona': 4761.620676506012, 'Arkansas': 5.459759411045846, 'California': 73542.9158760246, 'Colorado': 66679.33401999675, 'Connecticut': 120.88786310555219, 'Delaware': 57.367842085815916, 'Florida': 0, 'Georgia': 0, 'Idaho': 16337.750817013999, 'Illinois': 109264.67597306603, 'Indiana': 41157.59871447991, 'Iowa': 177533.8325930745, 'Kansas': 112972.38094292837, 'Kentucky': 0, 'Louisiana': 0, 'Maine': 11983.161751729738, 'Maryland': 3165.101792571379, 'Massachusetts': 2388.9429750778995, 'Michigan': 52852.30255505117, 'Minnesota': 55810.531466852146, 'Mississippi': 0, 'Missouri': 24399.94425354264, 'Montana': 13701.062789643189, 'Nebraska': 42948.33442478312, 'Nevada': 3015.006007811943, 'New Hampshire': 2678.879711674013, 'New Jersey': 229.80115806529113, 'New Mexico': 34269.23215041865, 'New York': 33799.78085189902, 'North Carolina': 6846.5260209249855, 'North Dakota': 54432.77390824458, 'Ohio': 16454.170298851932, 'Oklahoma': 132712.47750085327, 'Oregon': 50693.33940186807, 'Pennsylvania': 24292.399310861263, 'Rhode Island': 1276.3544598466428, 'South Carolina': 0, 'South Dakota': 26909.356101263824, 'Tennessee': 542.6189687813826, 'Texas': 513893.7447263678, 'Utah': 6056.801036565787, 'Vermont': 2127.6437846110143, 'Virginia': 191.97877170642099, 'Washington': 46749.62900697148, 'West Virginia': 10432.044780715118, 'Wisconsin': 13434.919927265923, 'Wyoming': 23493.710166628924}",2068
13,2033,176262.72534584536,"{'Alabama': 0, 'Arizona': 754.6379609523505, 'Arkansas': 10.181412118611957, 'California': 9514.43533170907, 'Colorado': 5158.910006570728, 'Connecticut': 76.64577422093441, 'Delaware': 29.103830456733704, 'Florida': 0, 'Georgia': 0, 'Idaho': 1557.0038325570695, 'Illinois': 13177.424097315034, 'Indiana': 3946.608460058075, 'Iowa': 14914.140781325808, 'Kansas': 7885.030283622932, 'Kentucky': 0, 'Louisiana': 0, 'Maine': 1136.2132943136037, 'Maryland': 744.3262133760998, 'Massachusetts': 669.7443082031989, 'Michigan': 6265.043592947678, 'Minnesota': 4356.785938290317, 'Mississippi': 0, 'Missouri': 3377.1534777177385, 'Montana': 1578.5577105734512, 'Nebraska': 3780.3892951263774, 'Nevada': 476.41342758624774, 'New Hampshire': 430.9118744435831, 'New Jersey': 107.92047463845213, 'New Mexico': 4035.982666330923, 'New York': 4953.26047891508, 'North Carolina': 1234.693624700916, 'North Dakota': 3958.467223309576, 'Ohio': 2725.3658694901887, 'Oklahoma': 10046.515579910649, 'Oregon': 5092.589766072657, 'Pennsylvania': 4145.867888347987, 'Rhode Island': 210.34513570563377, 'South Carolina': 0, 'South Dakota': 2757.5900616644235, 'Tennessee': 211.19443427566242, 'Texas': 44209.693561437736, 'Utah': 556.3782352762016, 'Vermont': 288.75019370840147, 'Virginia': 57.81485783794188, 'Washington': 5525.561252357954, 'West Virginia': 1442.6573835029662, 'Wisconsin': 2533.5779223007858, 'Wyoming': 2328.837832574548}",1919307.90284584,"{'Alabama': 0, 'Arizona': 5122.525273622463, 'Arkansas': 7.96799672696967, 'California': 76957.37518154482, 'Colorado': 69670.41311458385, 'Connecticut': 143.2032005830255, 'Delaware': 69.84380577754276, 'Florida': 0, 'Georgia': 0, 'Idaho': 16844.43790189133, 'Illinois': 118352.21328309558, 'Indiana': 43173.76349758619, 'Iowa': 188658.97870586396, 'Kansas': 117222.7152586904, 'Kentucky': 0, 'Louisiana': 0, 'Maine': 12343.053389327491, 'Maryland': 3454.9719588614767, 'Massachusetts': 2673.57751283565, 'Michigan': 57758.437298733406, 'Minnesota': 57519.479390392014, 'Mississippi': 0, 'Missouri': 27085.56795731586, 'Montana': 14575.176839679385, 'Nebraska': 46118.39818760585, 'Nevada': 3266.153655727014, 'New Hampshire': 2847.1695491092223, 'New Jersey': 277.1054707911819, 'New Mexico': 37220.15910139783, 'New York': 36026.162915506495, 'North Carolina': 8058.086462990733, 'North Dakota': 56504.771239642185, 'Ohio': 18070.777817530674, 'Oklahoma': 137719.62268074846, 'Oregon': 52330.38310838462, 'Pennsylvania': 26162.41487834836, 'Rhode Island': 1413.3575436289248, 'South Carolina': 0, 'South Dakota': 29242.001795239124, 'Tennessee': 618.7544319343461, 'Texas': 544406.8656543476, 'Utah': 6237.58139326219, 'Vermont': 2217.2251107776033, 'Virginia': 239.6706836342139, 'Washington': 48542.17059807823, 'West Virginia': 11109.98852627422, 'Wisconsin': 14529.776237258038, 'Wyoming': 24515.60423651135}",2120
14,2034,184029.07993840298,"{'Alabama': 0, 'Arizona': 822.555377438062, 'Arkansas': 14.966675814359578, 'California': 9990.157098294525, 'Colorado': 5262.088206702143, 'Connecticut': 95.04076003395866, 'Delaware': 36.37978807091713, 'Florida': 0, 'Georgia': 0, 'Idaho': 1619.283985859352, 'Illinois': 13968.069543153939, 'Indiana': 4104.472798460398, 'Iowa': 15361.565004765584, 'Kansas': 7963.880586459162, 'Kentucky': 0, 'Louisiana': 0, 'Maine': 1158.9375601998759, 'Maryland': 833.6453589812318, 'Massachusetts': 770.2059544336787, 'Michigan': 6766.247080383492, 'Minnesota': 4400.3537976732205, 'Mississippi': 0, 'Missouri': 3681.097290712334, 'Montana': 1657.4855961021237, 'Nebraska': 3931.6048669314328, 'Nevada': 524.0547703448725, 'New Hampshire': 456.76658691019804, 'New Jersey': 132.74218380529612, 'New Mexico': 4318.501452974089, 'New York': 5349.5213172282865, 'North Carolina': 1432.2446046530624, 'North Dakota': 3998.051895542672, 'Ohio': 2997.9024564392075, 'Oklahoma': 10247.445891508862, 'Oregon': 5245.367459054836, 'Pennsylvania': 4518.995998299305, 'Rhode Island': 229.2761979191408, 'South Carolina': 0, 'South Dakota': 2867.893664131, 'Tennessee': 249.20943244528166, 'Texas': 45535.984368280886, 'Utah': 573.0695823344877, 'Vermont': 306.07520533090553, 'Virginia': 65.90893793525375, 'Washington': 5801.839314975851, 'West Virginia': 1529.216826513144, 'Wisconsin': 2812.271493753872, 'Wyoming': 2398.7029675517842}",2017189.0251203422,"{'Alabama': 0, 'Arizona': 5522.942268095372, 'Arkansas': 11.577064119714047, 'California': 80461.70130763308, 'Colorado': 72236.98353300095, 'Connecticut': 170.2789329923584, 'Delaware': 86.56277417548812, 'Florida': 0, 'Georgia': 0, 'Idaho': 17410.86181167543, 'Illinois': 127232.42946521731, 'Indiana': 45083.634811267635, 'Iowa': 198527.8496920773, 'Kansas': 120564.21287250353, 'Kentucky': 0, 'Louisiana': 0, 'Maine': 12645.111292509797, 'Maryland': 3792.6975855158853, 'Massachusetts': 3010.5152344998914, 'Michigan': 62816.09076133152, 'Minnesota': 58883.132033388254, 'Mississippi': 0, 'Missouri': 29842.263120298543, 'Montana': 15444.07402928587, 'Nebraska': 49028.84788303306, 'Nevada': 3566.2395819674616, 'New Hampshire': 3018.614841069303, 'New Jersey': 336.42807374196246, 'New Mexico': 40177.88853336481, 'New York': 38464.16737815107, 'North Carolina': 9385.782167542375, 'North Dakota': 58081.82774789194, 'Ohio': 19725.499452755044, 'Oklahoma': 141820.92284172284, 'Oregon': 53974.65091026844, 'Pennsylvania': 28304.324228501915, 'Rhode Island': 1545.703013296454, 'South Carolina': 0, 'South Dakota': 31395.154218789932, 'Tennessee': 715.6306890475797, 'Texas': 571230.5606732293, 'Utah': 6419.7297264793315, 'Vermont': 2306.3103602936894, 'Virginia': 290.10469356212707, 'Washington': 50565.5207885216, 'West Virginia': 11833.252534473893, 'Wisconsin': 15775.909121228895, 'Wyoming': 25483.037071821927}",2148
15,2035,192282.58250839982,"{'Alabama': 0, 'Arizona': 896.5853614074875, 'Arkansas': 22.001013447108576, 'California': 10489.66495320925, 'Colorado': 5367.3299708361865, 'Connecticut': 117.85054244210875, 'Delaware': 45.47473508864641, 'Florida': 0, 'Georgia': 0, 'Idaho': 1684.055345293726, 'Illinois': 14806.153715743172, 'Indiana': 4268.6517103988135, 'Iowa': 15822.41195490855, 'Kansas': 8043.519392323754, 'Kentucky': 0, 'Louisiana': 0, 'Maine': 1182.1163114038732, 'Maryland': 933.6828020589796, 'Massachusetts': 885.7368475987305, 'Michigan': 7307.546846814171, 'Minnesota': 4444.357335649953, 'Mississippi': 0, 'Missouri': 4012.3960468764444, 'Montana': 1740.35987590723, 'Nebraska': 4088.86906160869, 'Nevada': 576.4602473793598, 'New Hampshire': 484.1725821248099, 'New Jersey': 163.27288608051424, 'New Mexico': 4620.796554682276, 'New York': 5777.48302260655, 'North Carolina': 1661.4037413975525, 'North Dakota': 4038.0324144980987, 'Ohio': 3297.692702083128, 'Oklahoma': 10452.394809339039, 'Oregon': 5402.728482826481, 'Pennsylvania': 4925.705638146242, 'Rhode Island': 249.91105573186348, 'South Carolina': 0, 'South Dakota': 2982.60941069624, 'Tennessee': 294.06713028543237, 'Texas': 46902.06389932931, 'Utah': 590.2616698045223, 'Vermont': 324.43971765075986, 'Virginia': 75.13618924618928, 'Washington': 6091.931280724644, 'West Virginia': 1620.9698361039327, 'Wisconsin': 3121.6213580667986, 'Wyoming': 2470.664056578338}",2109335.912424886,"{'Alabama': 0, 'Arizona': 5978.8394194071425, 'Arkansas': 16.85211178273177, 'California': 84140.63220537808, 'Colorado': 74458.54653295343, 'Connecticut': 203.68306050068105, 'Delaware': 107.05399759041165, 'Florida': 0, 'Georgia': 0, 'Idaho': 18024.827384519784, 'Illinois': 135908.00307209793, 'Indiana': 46968.23422515365, 'Iowa': 207149.31062129152, 'Kansas': 123077.58981197182, 'Kentucky': 0, 'Louisiana': 0, 'Maine': 12917.385053875802, 'Maryland': 4175.142739339278, 'Massachusetts': 3405.861516869147, 'Michigan': 68031.23200875735, 'Minnesota': 60004.25671799392, 'Mississippi': 0, 'Missouri': 32599.07038724895, 'Montana': 16294.818763038591, 'Nebraska': 51631.70759151958, 'Nevada': 3888.3636036902512, 'New Hampshire': 3194.362131631399, 'New Jersey': 410.9018252683627, 'New Mexico': 43133.45248719444, 'New York': 41147.22902798216, 'North Carolina': 10926.197997820249, 'North Dakota': 59296.093628258226, 'Ohio': 21432.856304798508, 'Oklahoma': 145339.35627662524, 'Oregon': 55680.70232179205, 'Pennsylvania': 30685.55127856155, 'Rhode Island': 1683.0837946855188, 'South Carolina': 0, 'South Dakota': 33324.61619630868, 'Tennessee': 831.4175103829875, 'Texas': 594969.3672796687, 'Utah': 6607.5101684779665, 'Vermont': 2399.1956599412033, 'Virginia': 342.8598858037992, 'Washington': 52786.91009195001, 'West Virginia': 12595.51956814307, 'Wisconsin': 17161.163283883376, 'Wyoming': 26406.15488073284}",2157
16,2036,201065.12158921172,"{'Alabama': 0, 'Arizona': 977.2780439341614, 'Arkansas': 32.341489767249605, 'California': 11014.148200869715, 'Colorado': 5474.67657025291, 'Connecticut': 146.13467262821484, 'Delaware': 56.843418860808015, 'Florida': 0, 'Georgia': 0, 'Idaho': 1751.4175591054752, 'Illinois': 15694.522938687764, 'Indiana': 4439.397778814766, 'Iowa': 16297.084313555808, 'Kansas': 8123.954586246991, 'Kentucky': 0, 'Louisiana': 0, 'Maine': 1205.7586376319507, 'Maryland': 1045.7247383060571, 'Massachusetts': 1018.5973747385401, 'Michigan': 7892.150594559304, 'Minnesota': 4488.800909006452, 'Mississippi': 0, 'Missouri': 4373.511691095325, 'Montana': 1827.3778697025916, 'Nebraska': 4252.423824073037, 'Nevada': 634.1062721172957, 'New Hampshire': 513.2229370522984, 'New Jersey': 200.8256498790325, 'New Mexico': 4944.2523135100355, 'New York': 6239.681664415074, 'North Carolina': 1927.2283400211609, 'North Dakota': 4078.4127386430796, 'Ohio': 3627.4619722914413, 'Oklahoma': 10661.44270552582, 'Oregon': 5564.810337311275, 'Pennsylvania': 5369.019145579405, 'Rhode Island': 272.4030507477312, 'South Carolina': 0, 'South Dakota': 3101.9137871240896, 'Tennessee': 346.9992137368102, 'Texas': 48309.12581630917, 'Utah': 607.969519898658, 'Vermont': 343.90610070980546, 'Virginia': 85.65525574065578, 'Washington': 6396.527844760876, 'West Virginia': 1718.2280262701688, 'Wisconsin': 3464.9997074541466, 'Wyoming': 2544.7839782756882}",2198139.157675604,"{'Alabama': 0, 'Arizona': 6493.431796428174, 'Arkansas': 24.698798450085512, 'California': 88045.01851141211, 'Colorado': 76395.76639916665, 'Connecticut': 245.46406258800315, 'Delaware': 133.1725867248669, 'Florida': 0, 'Georgia': 0, 'Idaho': 18680.846911074274, 'Illinois': 144242.5634625634, 'Indiana': 48791.33521180206, 'Iowa': 214942.52363033255, 'Kansas': 125046.9074510254, 'Kentucky': 0, 'Louisiana': 0, 'Maine': 13172.61509041896, 'Maryland': 4626.0283157327385, 'Massachusetts': 3874.3706140298887, 'Michigan': 73614.28608260347, 'Minnesota': 60893.039845792286, 'Mississippi': 0, 'Missouri': 35500.17214026148, 'Montana': 17156.437540747545, 'Nebraska': 54004.32221247806, 'Nevada': 4261.781792916841, 'New Hampshire': 3384.034612172012, 'New Jersey': 501.503198209437, 'New Mexico': 46156.802216558746, 'New York': 44091.83960423645, 'North Carolina': 12704.583663191777, 'North Dakota': 60250.247195336444, 'Ohio': 23232.881077813396, 'Oklahoma': 148510.20876469003, 'Oregon': 57438.63636850021, 'Pennsylvania': 33306.86303712557, 'Rhode Island': 1829.930987210442, 'South Carolina': 0, 'South Dakota': 35041.42336802738, 'Tennessee': 970.771566758934, 'Texas': 616246.4760786458, 'Utah': 6794.369902218052, 'Vermont': 2497.4329209918023, 'Virginia': 399.42955949490096, 'Washington': 55215.17036336839, 'West Virginia': 13393.217379972768, 'Wisconsin': 18706.498495974276, 'Wyoming': 27322.0548585576}",2086
17,2037,210423.4940507166,"{'Alabama': 0, 'Arizona': 1065.2330678882358, 'Arkansas': 47.54198995785692, 'California': 11564.855610913199, 'Colorado': 5584.170101657968, 'Connecticut': 181.2069940589864, 'Delaware': 71.05427357601002, 'Florida': 0, 'Georgia': 0, 'Idaho': 1821.474261469694, 'Illinois': 16636.19431500903, 'Indiana': 4616.973689967357, 'Iowa': 16785.996842962482, 'Kansas': 8205.194132109462, 'Kentucky': 0, 'Louisiana': 0, 'Maine': 1229.8738103845897, 'Maryland': 1171.211706902784, 'Massachusetts': 1171.3869809493212, 'Michigan': 8523.52264212405, 'Minnesota': 4533.688918096516, 'Mississippi': 0, 'Missouri': 4767.127743293903, 'Montana': 1918.7467631877214, 'Nebraska': 4422.520777035959, 'Nevada': 697.5168993290254, 'New Hampshire': 544.0163132754363, 'New Jersey': 247.01554935120998, 'New Mexico': 5290.349975455739, 'New York': 6738.85619756828, 'North Carolina': 2235.584874424547, 'North Dakota': 4119.196866029511, 'Ohio': 3990.208169520585, 'Oklahoma': 10874.671559636336, 'Oregon': 5731.754647430614, 'Pennsylvania': 5852.2308686815495, 'Rhode Island': 296.919325315027, 'South Carolina': 0, 'South Dakota': 3225.990338609053, 'Tennessee': 409.45907220943604, 'Texas': 49758.39959079844, 'Utah': 626.2086054956177, 'Vermont': 364.5404667523938, 'Virginia': 97.64699154434759, 'Washington': 6716.354236998919, 'West Virginia': 1821.321707846379, 'Wisconsin': 3846.1496752741027, 'Wyoming': 2621.127497623959}",2286529.339440972,"{'Alabama': 0, 'Arizona': 7079.07947568114, 'Arkansas': 36.73854548336501, 'California': 92176.81564364895, 'Colorado': 78182.29052719993, 'Connecticut': 298.08453125615705, 'Delaware': 166.2907966255442, 'Florida': 0, 'Georgia': 0, 'Idaho': 19374.267894740045, 'Illinois': 152568.45058747093, 'Indiana': 50631.85924129565, 'Iowa': 222145.5968422824, 'Kansas': 126645.75508073153, 'Kentucky': 0, 'Louisiana': 0, 'Maine': 13425.988339277574, 'Maryland': 5153.017087191685, 'Massachusetts': 4402.407060788801, 'Michigan': 79491.71866461998, 'Minnesota': 61621.697370892834, 'Mississippi': 0, 'Missouri': 38561.90894339107, 'Montana': 18044.1503368234, 'Nebraska': 56337.42454809734, 'Nevada': 4676.171021475942, 'New Hampshire': 3582.967881236909, 'New Jersey': 614.386664141312, 'New Mexico': 49302.39545853494, 'New York': 47286.18730728645, 'North Carolina': 14788.155752056915, 'North Dakota': 61033.68064872228, 'Ohio': 25169.921258342656, 'Oklahoma': 151558.0488181637, 'Oregon': 59222.90434177201, 'Pennsylvania': 36227.17179585846, 'Rhode Island': 1985.524270126851, 'South Carolina': 0, 'South Dakota': 36630.37738859325, 'Tennessee': 1132.6520306414354, 'Texas': 636152.9058594282, 'Utah': 6992.3633602636355, 'Vermont': 2601.2361158085278, 'Virginia': 462.6152363366991, 'Washington': 57838.5946525937, 'West Virginia': 14238.153012946588, 'Wisconsin': 20505.180650381168, 'Wyoming': 28184.204398756083}",2046
18,2038,220410.22590563342,"{'Alabama': 0, 'Arizona': 1161.104043998177, 'Arkansas': 69.88672523804968, 'California': 12143.09839145886, 'Colorado': 5695.853503691127, 'Connecticut': 224.69667263314312, 'Delaware': 88.81784197001252, 'Florida': 0, 'Georgia': 0, 'Idaho': 1894.3332319284818, 'Illinois': 17634.365973909567, 'Indiana': 4801.652637566051, 'Iowa': 17289.576748251355, 'Kansas': 8287.246073430557, 'Kentucky': 0, 'Louisiana': 0, 'Maine': 1254.4712865922816, 'Maryland': 1311.7571117311181, 'Massachusetts': 1347.0950280917195, 'Michigan': 9205.404453493973, 'Minnesota': 4579.025807277481, 'Mississippi': 0, 'Missouri': 5196.169240190354, 'Montana': 2014.6841013471078, 'Nebraska': 4599.421608117398, 'Nevada': 767.2685892619279, 'New Hampshire': 576.6572920719625, 'New Jersey': 303.8291257019883, 'New Mexico': 5660.674473737639, 'New York': 7277.964693373741, 'North Carolina': 2593.278454332474, 'North Dakota': 4160.388834689806, 'Ohio': 4389.228986472644, 'Oklahoma': 11092.164990829062, 'Oregon': 5903.707286853532, 'Pennsylvania': 6378.931646862889, 'Rhode Island': 323.6420645933794, 'South Carolina': 0, 'South Dakota': 3355.0299521534153, 'Tennessee': 483.16170520713456, 'Texas': 51251.15157852241, 'Utah': 644.9948636604862, 'Vermont': 386.4128947575374, 'Virginia': 111.31757036055625, 'Washington': 7052.171948848865, 'West Virginia': 1930.6010103171618, 'Wisconsin': 4269.226139554254, 'Wyoming': 2699.7613225526775}",2375476.371329386,"{'Alabama': 0, 'Arizona': 7697.722066545392, 'Arkansas': 54.66751643864423, 'California': 96507.45419728734, 'Colorado': 79836.80815891676, 'Connecticut': 363.9888671090614, 'Delaware': 206.85753658542612, 'Florida': 0, 'Georgia': 0, 'Idaho': 20101.090229457146, 'Illinois': 160980.30181547275, 'Indiana': 52499.17912330312, 'Iowa': 228757.92644201973, 'Kansas': 128011.2938553934, 'Kentucky': 0, 'Louisiana': 0, 'Maine': 13678.938012639208, 'Maryland': 5717.3058497619295, 'Massachusetts': 5021.095690790071, 'Michigan': 85727.82054805443, 'Minnesota': 62253.36157349658, 'Mississippi': 0, 'Missouri': 41831.09874347236, 'Montana': 18923.820494533822, 'Nebraska': 58560.79466954761, 'Nevada': 5137.500530050935, 'New Hampshire': 3790.1554887579423, 'New Jersey': 756.3510479292836, 'New Mexico': 52572.49821478943, 'New York': 50811.52368733075, 'North Carolina': 17138.595535986537, 'North Dakota': 61688.26546928497, 'Ohio': 27298.75040463557, 'Oklahoma': 154515.9702134495, 'Oregon': 61040.27602381386, 'Pennsylvania': 39442.40156748909, 'Rhode Island': 2155.5190064597714, 'South Carolina': 0, 'South Dakota': 38143.844040671465, 'Tennessee': 1332.614596716552, 'Texas': 655296.290163949, 'Utah': 7203.4805510946835, 'Vermont': 2712.019211157876, 'Virginia': 529.9823301065979, 'Washington': 60583.9991980452, 'West Virginia': 15123.742097331986, 'Wisconsin': 22467.023924023433, 'Wyoming': 29004.042635483147}",2014
19,2039,231084.59546818526,"{'Alabama': 0, 'Arizona': 1265.6034079580131, 'Arkansas': 102.73348609993303, 'California': 12750.253311031804, 'Colorado': 5809.770573764949, 'Connecticut': 278.6238740650975, 'Delaware': 111.02230246251565, 'Florida': 0, 'Georgia': 0, 'Idaho': 1970.1065612056211, 'Illinois': 18692.427932344137, 'Indiana': 4993.718743068694, 'Iowa': 17808.264050698897, 'Kansas': 8370.118534164862, 'Kentucky': 0, 'Louisiana': 0, 'Maine': 1279.5607123241273, 'Maryland': 1469.1679651388522, 'Massachusetts': 1549.1592823054775, 'Michigan': 9941.836809773491, 'Minnesota': 4624.816065350256, 'Mississippi': 0, 'Missouri': 5663.824471807486, 'Montana': 2115.418306414463, 'Nebraska': 4783.398472442094, 'Nevada': 843.9954481881207, 'New Hampshire': 611.2567295962803, 'New Jersey': 373.7098246134456, 'New Mexico': 6056.9216868992735, 'New York': 7860.201868843641, 'North Carolina': 3008.20300702567, 'North Dakota': 4201.992723036704, 'Ohio': 4828.151885119909, 'Oklahoma': 11314.008290645643, 'Oregon': 6080.818505459138, 'Pennsylvania': 6953.0354950805495, 'Rhode Island': 352.7698504067836, 'South Carolina': 0, 'South Dakota': 3489.231150239552, 'Tennessee': 570.1308121444188, 'Texas': 52788.68612587807, 'Utah': 664.3447095703008, 'Vermont': 409.59766844298963, 'Virginia': 126.90203021103412, 'Washington': 7404.780546291309, 'West Virginia': 2046.4370709361915, 'Wisconsin': 4738.8410149052215, 'Wyoming': 2780.754162229258}",2467176.658934201,"{'Alabama': 0, 'Arizona': 8372.628248623818, 'Arkansas': 79.79493935881612, 'California': 101094.76945044393, 'Colorado': 81413.29766179365, 'Connecticut': 444.5042005951129, 'Delaware': 257.99612260044916, 'Florida': 0, 'Georgia': 0, 'Idaho': 20891.043821645337, 'Illinois': 169524.88784215043, 'Indiana': 54387.68312939157, 'Iowa': 235282.07735463293, 'Kansas': 129259.22808606157, 'Kentucky': 0, 'Louisiana': 0, 'Maine': 13937.912210096143, 'Maryland': 6356.041653210021, 'Massachusetts': 5723.737467616678, 'Michigan': 92466.59705601075, 'Minnesota': 62816.485209396276, 'Mississippi': 0, 'Missouri': 45279.75249026536, 'Montana': 19841.879716980595, 'Nebraska': 60831.09002461709, 'Nevada': 5657.791324381179, 'New Hampshire': 4007.507518799856, 'New Jersey': 926.8305422632569, 'New Mexico': 56118.268063228184, 'New York': 54616.35699760022, 'North Carolina': 19839.466314980935, 'North Dakota': 62275.87009600808, 'Ohio': 29561.124327651767, 'Oklahoma': 157478.608737914, 'Oregon': 62943.36626526451, 'Pennsylvania': 42940.937426042576, 'Rhode Island': 2338.26475950105, 'South Carolina': 0, 'South Dakota': 39605.52669164575, 'Tennessee': 1565.147648337115, 'Texas': 674144.9576270772, 'Utah': 7413.238928440253, 'Vermont': 2828.83952214546, 'Virginia': 604.7302919983912, 'Washington': 63499.65180217567, 'West Virginia': 16048.336551868664, 'Wisconsin': 24684.825108771875, 'Wyoming': 29815.605702611392}",1968
20,2040,242513.92703974177,"{'Alabama': 0, 'Arizona': 1379.5077146742342, 'Arkansas': 151.01822456690155, 'California': 13387.765976583396, 'Colorado': 5925.965985240248, 'Connecticut': 345.4936038407209, 'Delaware': 138.77787807814457, 'Florida': 0, 'Georgia': 0, 'Idaho': 2048.910823653846, 'Illinois': 19813.97360828479, 'Indiana': 5193.467492791441, 'Iowa': 18342.511972219858, 'Kansas': 8453.81971950651, 'Kentucky': 0, 'Louisiana': 0, 'Maine': 1305.15192657061, 'Maryland': 1645.4681209555147, 'Massachusetts': 1781.533174651299, 'Michigan': 10737.18375455537, 'Minnesota': 4671.064226003759, 'Mississippi': 0, 'Missouri': 6173.568674270158, 'Montana': 2221.1892217351865, 'Nebraska': 4974.7344113397785, 'Nevada': 928.3949930069327, 'New Hampshire': 647.932133372057, 'New Jersey': 459.6630842745381, 'New Mexico': 6480.906204982222, 'New York': 8489.018018351133, 'North Carolina': 3489.515488149777, 'North Dakota': 4244.012650267071, 'Ohio': 5310.9670736319, 'Oklahoma': 11540.288456458555, 'Oregon': 6263.243060622912, 'Pennsylvania': 7578.8086896378, 'Rhode Island': 384.5191369433941, 'South Carolina': 0, 'South Dakota': 3628.800396249134, 'Tennessee': 672.7543583304141, 'Texas': 54372.3467096544, 'Utah': 684.2750508574098, 'Vermont': 434.173528549569, 'Virginia': 144.66831444057888, 'Washington': 7775.019573605875, 'West Virginia': 2169.223295192363, 'Wisconsin': 5260.113526544796, 'Wyoming': 2864.1767870961357}",2561997.7974302573,"{'Alabama': 0, 'Arizona': 9103.955735474594, 'Arkansas': 116.96834822161054, 'California': 105847.02546911844, 'Colorado': 82944.12169296543, 'Connecticut': 544.8476500468016, 'Delaware': 322.7321576805831, 'Florida': 0, 'Georgia': 0, 'Idaho': 21709.357179702274, 'Illinois': 178273.21156395905, 'Indiana': 56359.25027536156, 'Iowa': 241691.82414783048, 'Kansas': 130435.14980115787, 'Kentucky': 0, 'Louisiana': 0, 'Maine': 14199.90007999649, 'Maryland': 7082.927042809655, 'Massachusetts': 6529.904531376208, 'Michigan': 99665.41668573831, 'Minnesota': 63345.769353887554, 'Mississippi': 0, 'Missouri': 49000.93200981386, 'Montana': 20786.543451793266, 'Nebraska': 63110.15492915424, 'Nevada': 6212.210953740691, 'New Hampshire': 4243.366908528281, 'New Jersey': 1143.9138965094035, 'New Mexico': 59850.270192053664, 'New York': 58723.8885220483, 'North Carolina': 22965.651368691797, 'North Dakota': 62833.26116510996, 'Ohio': 32026.6457897155, 'Oklahoma': 160425.36193674742, 'Oregon': 64875.477492534636, 'Pennsylvania': 46729.38611993738, 'Rhode Island': 2536.846527599607, 'South Carolina': 0, 'South Dakota': 41072.43256738578, 'Tennessee': 1840.3066911519102, 'Texas': 692862.5417876504, 'Utah': 7627.508804900582, 'Vermont': 2950.7664171342817, 'Virginia': 690.6718111044707, 'Washington': 66554.89975735632, 'West Virginia': 17024.74520562117, 'Wisconsin': 27109.852338027875, 'Wyoming': 30627.799070618315}",1929
21,2041,254775.25079483067,"{'Alabama': 0, 'Arizona': 1503.6634089949152, 'Arkansas': 221.99679011334527, 'California': 14057.154275412566, 'Colorado': 6044.485304945053, 'Connecticut': 428.4120687624939, 'Delaware': 173.4723475976807, 'Florida': 0, 'Georgia': 0, 'Idaho': 2130.8672565999996, 'Illinois': 21002.812024781866, 'Indiana': 5401.2061925030985, 'Iowa': 18892.787331386455, 'Kansas': 8538.357916701576, 'Kentucky': 0, 'Louisiana': 0, 'Maine': 1331.2549651020222, 'Maryland': 1842.9242954701765, 'Massachusetts': 2048.763150848994, 'Michigan': 11596.158454919796, 'Minnesota': 4717.774868263797, 'Mississippi': 0, 'Missouri': 6729.189854954472, 'Montana': 2332.2486828219457, 'Nebraska': 5173.723787793369, 'Nevada': 1021.234492307626, 'New Hampshire': 686.8080613743805, 'New Jersey': 565.3855936576819, 'New Mexico': 6934.569639330978, 'New York': 9168.13945981922, 'North Carolina': 4047.8379662537413, 'North Dakota': 4286.452776769742, 'Ohio': 5842.063780995091, 'Oklahoma': 11771.094225587727, 'Oregon': 6451.140352441599, 'Pennsylvania': 8260.901471705201, 'Rhode Island': 419.12585926829956, 'South Carolina': 0, 'South Dakota': 3773.952412099099, 'Tennessee': 793.8501428298887, 'Texas': 56003.51711094402, 'Utah': 704.8033023831322, 'Vermont': 460.2239402625432, 'Virginia': 164.92187846225994, 'Washington': 8163.770552286169, 'West Virginia': 2299.3766929039048, 'Wisconsin': 5838.726014464724, 'Wyoming': 2950.1020907090196}",2662694.9365207176,"{'Alabama': 0, 'Arizona': 9905.836585566505, 'Arkansas': 171.25366948708634, 'California': 110929.38064566089, 'Colorado': 84506.65370497676, 'Connecticut': 667.4141163234378, 'Delaware': 403.0487206190983, 'Florida': 0, 'Georgia': 0, 'Idaho': 22563.162650338192, 'Illinois': 187660.60120406403, 'Indiana': 58349.11688337658, 'Iowa': 248310.0461288115, 'Kansas': 131588.99709059548, 'Kentucky': 0, 'Louisiana': 0, 'Maine': 14467.302527352587, 'Maryland': 7900.311317765875, 'Massachusetts': 7455.089205056126, 'Michigan': 107313.67807520906, 'Minnesota': 63859.566265145004, 'Mississippi': 0, 'Missouri': 53054.62666292142, 'Montana': 21798.59141526683, 'Nebraska': 65500.26141796221, 'Nevada': 6835.268530140826, 'New Hampshire': 4491.733321384023, 'New Jersey': 1409.7797620410438, 'New Mexico': 63828.44592281369, 'New York': 63152.6080958282, 'North Carolina': 26622.499249132452, 'North Dakota': 63382.56541507914, 'Ohio': 34726.68242481099, 'Oklahoma': 163482.58694927293, 'Oregon': 66899.77784613754, 'Pennsylvania': 50838.243941713285, 'Rhode Island': 2755.3877792564144, 'South Carolina': 0, 'South Dakota': 42549.754645512345, 'Tennessee': 2169.431003796301, 'Texas': 712238.195388147, 'Utah': 7850.741110820325, 'Vermont': 3081.4176688182242, 'Virginia': 788.6931365375505, 'Washington': 69784.59131039387, 'West Virginia': 18076.68469293443, 'Wisconsin': 29862.71200815384, 'Wyoming': 31462.198031498825}",1976
22,2042,267957.46411371423,"{'Alabama': 0, 'Arizona': 1638.9931158044576, 'Arkansas': 326.3352814666175, 'California': 14760.011989183193, 'Colorado': 6165.375011043955, 'Connecticut': 531.2309652654924, 'Delaware': 216.8404344971009, 'Florida': 0, 'Georgia': 0, 'Idaho': 2216.1019468639997, 'Illinois': 22262.980746268782, 'Indiana': 5617.254440203223, 'Iowa': 19459.570951328045, 'Kansas': 8623.741495868591, 'Kentucky': 0, 'Louisiana': 0, 'Maine': 1357.8800644040628, 'Maryland': 2064.0752109265977, 'Massachusetts': 2356.0776234763434, 'Michigan': 12523.851131313379, 'Minnesota': 4764.952616946434, 'Mississippi': 0, 'Missouri': 7334.816941900374, 'Montana': 2448.8611169630435, 'Nebraska': 5380.672739305105, 'Nevada': 1123.3579415383888, 'New Hampshire': 728.0165450568434, 'New Jersey': 695.4242801989487, 'New Mexico': 7419.989514084146, 'New York': 9901.590616604757, 'North Carolina': 4695.492040854339, 'North Dakota': 4329.31730453744, 'Ohio': 6426.2701590946, 'Oklahoma': 12006.516110099481, 'Oregon': 6644.674563014847, 'Pennsylvania': 9004.382604158669, 'Rhode Island': 456.8471866024465, 'South Carolina': 0, 'South Dakota': 3924.9105085830633, 'Tennessee': 936.7431685392687, 'Texas': 57683.62262427233, 'Utah': 725.9474014546262, 'Vermont': 487.83737667829575, 'Virginia': 188.01094144697635, 'Washington': 8571.95907990048, 'West Virginia': 2437.339294478139, 'Wisconsin': 6480.985876055844, 'Wyoming': 3038.60515343029}",2769563.136768414,"{'Alabama': 0, 'Arizona': 10786.11935523254, 'Arkansas': 251.6410690475828, 'California': 116226.1563253184, 'Colorado': 86101.31656839071, 'Connecticut': 824.382578159196, 'Delaware': 503.78402271699355, 'Florida': 0, 'Georgia': 0, 'Idaho': 23449.624919815626, 'Illinois': 197554.53206398763, 'Indiana': 60483.7550651778, 'Iowa': 254949.08931313333, 'Kansas': 132741.65705042856, 'Kentucky': 0, 'Louisiana': 0, 'Maine': 14740.713795470832, 'Maryland': 8806.95902537165, 'Massachusetts': 8533.81752679347, 'Michigan': 115594.40873764976, 'Minnesota': 64376.26519251914, 'Mississippi': 0, 'Missouri': 57504.21908016398, 'Montana': 22841.875061205563, 'Nebraska': 67943.53801333829, 'Nevada': 7528.335056416343, 'New Hampshire': 4751.561896015607, 'New Jersey': 1741.8360933052866, 'New Mexico': 68129.59180210439, 'New York': 67934.91693890111, 'North Carolina': 31035.401418962552, 'North Dakota': 63937.87665485694, 'Ohio': 37723.70119469724, 'Oklahoma': 166617.08736182065, 'Oregon': 68976.51909948682, 'Pennsylvania': 55371.39373104953, 'Rhode Island': 2997.3183166770837, 'South Carolina': 0, 'South Dakota': 44100.36498765363, 'Tennessee': 2561.7112274997776, 'Texas': 732167.4771687173, 'Utah': 8083.141961355978, 'Vermont': 3219.259396418655, 'Virginia': 899.6943808331354, 'Washington': 73201.50269768211, 'West Virginia': 19173.060371382777, 'Wisconsin': 32871.19114677977, 'Wyoming': 32326.339101883983}",2012
23,2043,282164.18675799575,"{'Alabama': 0, 'Arizona': 1786.5024962268587, 'Arkansas': 479.71286375592774, 'California': 15498.012588642356, 'Colorado': 6288.682511264834, 'Connecticut': 658.7263969292105, 'Delaware': 271.0505431213761, 'Florida': 0, 'Georgia': 0, 'Idaho': 2304.7460247385598, 'Illinois': 23598.759591044924, 'Indiana': 5841.944617811351, 'Iowa': 20043.358079867885, 'Kansas': 8709.978910827278, 'Kentucky': 0, 'Louisiana': 0, 'Maine': 1385.037665692144, 'Maryland': 2311.764236237789, 'Massachusetts': 2709.489266997795, 'Michigan': 13525.759221818449, 'Minnesota': 4812.602143115899, 'Mississippi': 0, 'Missouri': 7994.950466671408, 'Montana': 2571.3041728111957, 'Nebraska': 5595.899648877309, 'Nevada': 1235.6937356922276, 'New Hampshire': 771.697537760254, 'New Jersey': 855.3718646447069, 'New Mexico': 7939.388780070036, 'New York': 10693.717865933137, 'North Carolina': 5446.770767391034, 'North Dakota': 4372.610477582814, 'Ohio': 7068.89717500406, 'Oklahoma': 12246.64643230147, 'Oregon': 6844.014799905292, 'Pennsylvania': 9814.77703853295, 'Rhode Island': 497.9634333966667, 'South Carolina': 0, 'South Dakota': 4081.9069289263857, 'Tennessee': 1105.3569388763372, 'Texas': 59414.131303000504, 'Utah': 747.725823498265, 'Vermont': 517.1076192789935, 'Virginia': 214.33247324955306, 'Washington': 9000.557033895504, 'West Virginia': 2583.5796521468274, 'Wisconsin': 7193.8943224219865, 'Wyoming': 3129.763308033199}",2882075.8092367603,"{'Alabama': 0, 'Arizona': 11756.597827715786, 'Arkansas': 366.03038490227885, 'California': 121724.22186468536, 'Colorado': 87710.23606999012, 'Connecticut': 1011.7920394562304, 'Delaware': 634.2764840331731, 'Florida': 0, 'Georgia': 0, 'Idaho': 24360.528949341806, 'Illinois': 207967.4910209542, 'Indiana': 62678.32217796611, 'Iowa': 261810.57398266025, 'Kansas': 133898.5302976124, 'Kentucky': 0, 'Louisiana': 0, 'Maine': 15017.549110111813, 'Maryland': 9812.79304218081, 'Massachusetts': 9765.557375318405, 'Michigan': 124605.03422357726, 'Minnesota': 64892.33449214762, 'Mississippi': 0, 'Missouri': 62264.744165524375, 'Montana': 23942.30309915721, 'Nebraska': 70458.8057794677, 'Nevada': 8262.66399070346, 'New Hampshire': 5030.252604547384, 'New Jersey': 2135.4562273647643, 'New Mexico': 72711.86172728357, 'New York': 73101.27344656938, 'North Carolina': 35858.23251351549, 'North Dakota': 64502.004939929866, 'Ohio': 41009.101107830764, 'Oklahoma': 169803.21987993852, 'Oregon': 71093.89789367626, 'Pennsylvania': 60294.700442346126, 'Rhode Island': 3255.0128911154006, 'South Carolina': 0, 'South Dakota': 45664.53167571694, 'Tennessee': 3018.538430474236, 'Texas': 752423.8829373908, 'Utah': 8321.265487668343, 'Vermont': 3368.702430465616, 'Virginia': 1024.3940287913001, 'Washington': 76774.83726500963, 'West Virginia': 20321.783949201646, 'Wisconsin': 36240.142048500995, 'Wyoming': 33182.33093192051}",2020
24,2044,297517.5850671267,"{'Alabama': 0, 'Arizona': 1947.287720887276, 'Arkansas': 705.1779097212138, 'California': 16272.913218074475, 'Colorado': 6414.45616149013, 'Connecticut': 816.8207321922212, 'Delaware': 338.8131789017201, 'Florida': 0, 'Georgia': 0, 'Idaho': 2396.935865728102, 'Illinois': 25014.685166507614, 'Indiana': 6075.622402523805, 'Iowa': 20644.658822263922, 'Kansas': 8797.078699935551, 'Kentucky': 0, 'Louisiana': 0, 'Maine': 1412.7384190059868, 'Maryland': 2589.1759445863236, 'Massachusetts': 3115.9126570474646, 'Michigan': 14607.819959563923, 'Minnesota': 4860.7281645470575, 'Mississippi': 0, 'Missouri': 8714.496008671835, 'Montana': 2699.8693814517555, 'Nebraska': 5819.735634832402, 'Nevada': 1359.2631092614504, 'New Hampshire': 817.9993900258693, 'New Jersey': 1052.1073935129893, 'New Mexico': 8495.145994674938, 'New York': 11549.215295207789, 'North Carolina': 6318.254090173599, 'North Dakota': 4416.336582358643, 'Ohio': 7775.786892504466, 'Oklahoma': 12491.579360947499, 'Oregon': 7049.335243902451, 'Pennsylvania': 10698.106972000915, 'Rhode Island': 542.7801424023667, 'South Carolina': 0, 'South Dakota': 4245.183206083441, 'Tennessee': 1304.3211878740779, 'Texas': 61196.5552420905, 'Utah': 770.157598203213, 'Vermont': 548.1340764357332, 'Virginia': 244.33901950449052, 'Washington': 9450.58488559028, 'West Virginia': 2738.594431275637, 'Wisconsin': 7985.2226978884055, 'Wyoming': 3223.6562072741945}",3002284.405282287,"{'Alabama': 0, 'Arizona': 12810.603951118997, 'Arkansas': 540.073943988986, 'California': 127592.85684035008, 'Colorado': 89339.83592225215, 'Connecticut': 1250.0451503842662, 'Delaware': 791.4409513414512, 'Florida': 0, 'Georgia': 0, 'Idaho': 25293.49299858091, 'Illinois': 219048.63954879632, 'Indiana': 64963.689969829386, 'Iowa': 268827.9267899992, 'Kansas': 135063.792046851, 'Kentucky': 0, 'Louisiana': 0, 'Maine': 15307.21707154948, 'Maryland': 10937.574588303087, 'Massachusetts': 11184.22431267318, 'Michigan': 134214.63882833565, 'Minnesota': 65413.159612409465, 'Mississippi': 0, 'Missouri': 67578.18371738518, 'Montana': 25087.752920267787, 'Nebraska': 73123.26909793579, 'Nevada': 9079.352752296432, 'New Hampshire': 5324.338735035374, 'New Jersey': 2621.108184158226, 'New Mexico': 77679.6733011562, 'New York': 78591.78661735824, 'North Carolina': 41612.89696670425, 'North Dakota': 65075.853692100936, 'Ohio': 44587.87108181323, 'Oklahoma': 173081.97918696157, 'Oregon': 73282.29208158568, 'Pennsylvania': 65612.25337869198, 'Rhode Island': 3538.334931208368, 'South Carolina': 0, 'South Dakota': 47320.849815713525, 'Tennessee': 3549.1928286636244, 'Texas': 773606.2276208628, 'Utah': 8570.888210050602, 'Vermont': 3526.866585569536, 'Virginia': 1166.0447561489398, 'Washington': 80508.40606796698, 'West Virginia': 21535.450735734183, 'Wisconsin': 39952.63346782919, 'Wyoming': 34091.68602232921}",2028
25,2045,314163.560560635,"{'Alabama': 0, 'Arizona': 2122.5436157671306, 'Arkansas': 1036.6115272901843, 'California': 17086.5588789782, 'Colorado': 6542.745284719933, 'Connecticut': 1012.8577079183542, 'Delaware': 423.51647362715016, 'Florida': 0, 'Georgia': 0, 'Idaho': 2492.8133003572257, 'Illinois': 26515.566276498073, 'Indiana': 6318.647298624757, 'Iowa': 21263.998586931837, 'Kansas': 8885.049486934908, 'Kentucky': 0, 'Louisiana': 0, 'Maine': 1440.9931873861065, 'Maryland': 2899.877057936683, 'Massachusetts': 3583.2995556045844, 'Michigan': 15776.445556329038, 'Minnesota': 4909.335446192528, 'Mississippi': 0, 'Missouri': 9498.8006494523, 'Montana': 2834.8628505243432, 'Nebraska': 6052.525060225697, 'Nevada': 1495.1894201875955, 'New Hampshire': 867.0793534274214, 'New Jersey': 1294.0920940209767, 'New Mexico': 9089.806214302185, 'New York': 12473.152518824412, 'North Carolina': 7329.174744601376, 'North Dakota': 4460.499948182229, 'Ohio': 8553.365581754912, 'Oklahoma': 12741.410948166447, 'Oregon': 7260.815301219524, 'Pennsylvania': 11660.936599480996, 'Rhode Island': 591.6303552185797, 'South Carolina': 0, 'South Dakota': 4414.990534326779, 'Tennessee': 1539.0990016914118, 'Texas': 63032.45189935321, 'Utah': 793.2623261493094, 'Vermont': 581.0221210218772, 'Virginia': 278.5464822351192, 'Washington': 9923.114129869795, 'West Virginia': 2902.9100971521752, 'Wisconsin': 8863.597194656131, 'Wyoming': 3320.36589349242}",3130730.533110905,"{'Alabama': 0, 'Arizona': 13980.234612596263, 'Arkansas': 798.9134003575632, 'California': 133690.31630552, 'Colorado': 90987.42468474286, 'Connecticut': 1546.3508307306333, 'Delaware': 992.9990991828316, 'Florida': 0, 'Georgia': 0, 'Idaho': 26271.617678708455, 'Illinois': 230897.72646669098, 'Indiana': 67313.8141580365, 'Iowa': 276216.27034014475, 'Kansas': 136269.80290602098, 'Kentucky': 0, 'Louisiana': 0, 'Maine': 15595.316022322859, 'Maryland': 12221.61694426671, 'Massachusetts': 12801.851936627434, 'Michigan': 144680.13162150208, 'Minnesota': 65946.50795174601, 'Mississippi': 0, 'Missouri': 73275.61881247946, 'Montana': 26310.32770652597, 'Nebraska': 75887.7317156986, 'Nevada': 9995.413401590347, 'New Hampshire': 5638.351447769002, 'New Jersey': 3213.215417343179, 'New Mexico': 82940.02354489331, 'New York': 84604.10068372061, 'North Carolina': 48339.046198038166, 'North Dakota': 65652.32268256438, 'Ohio': 48586.58250705284, 'Oklahoma': 176364.22209429223, 'Oregon': 75557.87868697346, 'Pennsylvania': 71459.69590143852, 'Rhode Island': 3840.935659610167, 'South Carolina': 0, 'South Dakota': 49018.45572116675, 'Tennessee': 4183.7156779090055, 'Texas': 795394.0764458675, 'Utah': 8820.36671208538, 'Vermont': 3690.1985244808106, 'Virginia': 1327.7513220106298, 'Washington': 84460.9040911591, 'West Virginia': 22856.91539401367, 'Wisconsin': 44083.46794499, 'Wyoming': 35018.31985804077}",2047
26,2046,332278.8732470809,"{'Alabama': 0, 'Arizona': 2313.572541186172, 'Arkansas': 1523.8189451165708, 'California': 17940.88682292711, 'Colorado': 6673.600190414331, 'Connecticut': 1255.9435578187592, 'Delaware': 529.3955920339376, 'Florida': 0, 'Georgia': 0, 'Idaho': 2592.5258323715143, 'Illinois': 28106.500253087957, 'Indiana': 6571.393190569748, 'Iowa': 21901.918544539792, 'Kansas': 8973.899981804258, 'Kentucky': 0, 'Louisiana': 0, 'Maine': 1469.8130511338286, 'Maryland': 3247.862304889085, 'Massachusetts': 4120.794488945272, 'Michigan': 17038.56120083536, 'Minnesota': 4958.428800654454, 'Mississippi': 0, 'Missouri': 10353.692707903007, 'Montana': 2976.6059930505603, 'Nebraska': 6294.626062634726, 'Nevada': 1644.708362206355, 'New Hampshire': 919.1041146330667, 'New Jersey': 1591.7332756458013, 'New Mexico': 9726.09264930334, 'New York': 13471.004720330366, 'North Carolina': 8501.842703737595, 'North Dakota': 4505.104947664051, 'Ohio': 9408.702139930403, 'Oklahoma': 12996.239167129776, 'Oregon': 7478.63976025611, 'Pennsylvania': 12710.420893434286, 'Rhode Island': 644.8770871882518, 'South Carolina': 0, 'South Dakota': 4591.590155699851, 'Tennessee': 1816.1368219958658, 'Texas': 64923.42545633382, 'Utah': 817.0601959337887, 'Vermont': 615.8834482831899, 'Virginia': 317.5429897480359, 'Washington': 10419.269836363284, 'West Virginia': 3077.084702981306, 'Wisconsin': 9838.592886068303, 'Wyoming': 3419.976870297193}",3266553.0784048946,"{'Alabama': 0, 'Arizona': 15244.86109966857, 'Arkansas': 1175.0021511431364, 'California': 140097.33967461772, 'Colorado': 92712.1701928851, 'Connecticut': 1907.3813543712731, 'Delaware': 1239.7311285613791, 'Florida': 0, 'Georgia': 0, 'Idaho': 27327.296761017788, 'Illinois': 243288.24799220386, 'Indiana': 69703.67748850728, 'Iowa': 283736.39925821766, 'Kansas': 137473.1481456502, 'Kentucky': 0, 'Louisiana': 0, 'Maine': 15891.676770025642, 'Maryland': 13647.111232245954, 'Massachusetts': 14664.538677384402, 'Michigan': 155875.4012776994, 'Minnesota': 66476.38227406281, 'Mississippi': 0, 'Missouri': 79536.3539606109, 'Montana': 27566.910729043793, 'Nebraska': 78811.3169618621, 'Nevada': 11002.0825786569, 'New Hampshire': 5967.163771017189, 'New Jersey': 3948.7852190659264, 'New Mexico': 88588.04659516452, 'New York': 91055.57803552531, 'North Carolina': 55996.854798312284, 'North Dakota': 66230.19425538942, 'Ohio': 52949.62294049758, 'Oklahoma': 179596.93992355795, 'Oregon': 77865.37073253717, 'Pennsylvania': 77804.56281864514, 'Rhode Island': 4178.0654395805195, 'South Carolina': 0, 'South Dakota': 50808.822574298094, 'Tennessee': 4944.186314580797, 'Texas': 817318.4832245139, 'Utah': 9075.301187127183, 'Vermont': 3864.29001556472, 'Virginia': 1512.0459346762075, 'Washington': 88663.07520521875, 'West Virginia': 24227.56762438963, 'Wisconsin': 48611.45969330163, 'Wyoming': 35969.63239350611}",2062
27,2047,352081.02490682184,"{'Alabama': 0, 'Arizona': 2521.794069892928, 'Arkansas': 2240.013849321359, 'California': 18837.93116407347, 'Colorado': 6807.072194222618, 'Connecticut': 1557.3700116952614, 'Delaware': 661.7444900424221, 'Florida': 0, 'Georgia': 0, 'Idaho': 2696.226865666375, 'Illinois': 29792.890268273237, 'Indiana': 6834.248918192538, 'Iowa': 22558.976100875985, 'Kansas': 9063.638981622302, 'Kentucky': 0, 'Louisiana': 0, 'Maine': 1499.2093121565051, 'Maryland': 3637.605781475775, 'Massachusetts': 4738.913662287063, 'Michigan': 18401.646096902197, 'Minnesota': 5008.013088660999, 'Mississippi': 0, 'Missouri': 11285.525051614277, 'Montana': 3125.4362927030884, 'Nebraska': 6546.411105140115, 'Nevada': 1809.1791984269908, 'New Hampshire': 974.2503615110508, 'New Jersey': 1957.8319290443355, 'New Mexico': 10406.919134754575, 'New York': 14548.685097956797, 'North Carolina': 9862.137536335611, 'North Dakota': 4550.155997140691, 'Ohio': 10349.572353923442, 'Oklahoma': 13256.163950472372, 'Oregon': 7702.998953063793, 'Pennsylvania': 13854.35877384337, 'Rhode Island': 702.9160250351945, 'South Carolina': 0, 'South Dakota': 4775.253761927845, 'Tennessee': 2143.0414499551216, 'Texas': 66871.12822002385, 'Utah': 841.5720018118024, 'Vermont': 652.8364551801812, 'Virginia': 361.9990083127609, 'Washington': 10940.233328181446, 'West Virginia': 3261.7097851601843, 'Wisconsin': 10920.838103535816, 'Wyoming': 3522.5761764061085}",3412475.7433912368,"{'Alabama': 0, 'Arizona': 16599.238465594506, 'Arkansas': 1729.5380602806242, 'California': 146847.92621374753, 'Colorado': 94434.64419571839, 'Connecticut': 2354.7389380907453, 'Delaware': 1546.2095939848405, 'Florida': 0, 'Georgia': 0, 'Idaho': 28413.589465931487, 'Illinois': 256591.3689517553, 'Indiana': 72243.96516707128, 'Iowa': 291544.00779429794, 'Kansas': 138676.90894230464, 'Kentucky': 0, 'Louisiana': 0, 'Maine': 16192.670749259225, 'Maryland': 15250.04529466082, 'Massachusetts': 16788.10006408998, 'Michigan': 168036.90991508428, 'Minnesota': 67017.15421979064, 'Mississippi': 0, 'Missouri': 86294.56862142158, 'Montana': 28893.015210255682, 'Nebraska': 81804.77074308896, 'Nevada': 12113.102402893635, 'New Hampshire': 6321.068936955987, 'New Jersey': 4861.374465049959, 'New Mexico': 94543.06353331065, 'New York': 98054.90324073142, 'North Carolina': 64889.76695735479, 'North Dakota': 66794.19981280662, 'Ohio': 57757.6670187253, 'Oklahoma': 182985.6982801069, 'Oregon': 80278.90874235342, 'Pennsylvania': 84755.45340222027, 'Rhode Island': 4538.418998330255, 'South Carolina': 0, 'South Dakota': 52649.471655753034, 'Tennessee': 5811.803126549291, 'Texas': 840412.1851788556, 'Utah': 9344.855545467473, 'Vermont': 4049.2047958493513, 'Virginia': 1726.512587703818, 'Washington': 92958.40523644835, 'West Virginia': 25723.7201024775, 'Wisconsin': 53684.45102650783, 'Wyoming': 36962.137738383586}",2094
28,2048,373842.0998014398,"{'Alabama': 0, 'Arizona': 2748.755536183291, 'Arkansas': 3292.820358502397, 'California': 19779.82772227714, 'Colorado': 6943.213638107071, 'Connecticut': 1931.138814502124, 'Delaware': 827.1806125530276, 'Florida': 0, 'Georgia': 0, 'Idaho': 2804.0759402930303, 'Illinois': 31580.46368436964, 'Indiana': 7107.61887492024, 'Iowa': 23235.745383902264, 'Kansas': 9154.275371438525, 'Kentucky': 0, 'Louisiana': 0, 'Maine': 1529.1934983996352, 'Maryland': 4074.118475252868, 'Massachusetts': 5449.750711630122, 'Michigan': 19873.77778465437, 'Minnesota': 5058.093219547609, 'Mississippi': 0, 'Missouri': 12301.222306259562, 'Montana': 3281.708107338243, 'Nebraska': 6808.26754934572, 'Nevada': 1990.0971182696899, 'New Hampshire': 1032.7053832017139, 'New Jersey': 2408.1332727245326, 'New Mexico': 11135.403474187393, 'New York': 15712.57990579334, 'North Carolina': 11440.079542149311, 'North Dakota': 4595.657557112098, 'Ohio': 11384.529589315787, 'Oklahoma': 13521.287229481819, 'Oregon': 7934.088921655707, 'Pennsylvania': 15101.251063489273, 'Rhode Island': 766.178467288362, 'South Carolina': 0, 'South Dakota': 4966.263912404958, 'Tennessee': 2528.7889109470434, 'Texas': 68877.26206662456, 'Utah': 866.8191618661564, 'Vermont': 692.0066424909921, 'Virginia': 412.67886947654745, 'Washington': 11487.244994590517, 'West Virginia': 3457.4123722697955, 'Wisconsin': 12122.130294924757, 'Wyoming': 3628.2534616982916}",3568712.560426746,"{'Alabama': 0, 'Arizona': 18087.986298765776, 'Arkansas': 2533.903089709043, 'California': 153930.90444175465, 'Colorado': 96173.84476073469, 'Connecticut': 2922.334827410531, 'Delaware': 1927.8828896712305, 'Florida': 0, 'Georgia': 0, 'Idaho': 29512.514106416074, 'Illinois': 270540.4471185021, 'Indiana': 74900.31467134075, 'Iowa': 299484.567984945, 'Kansas': 139930.73443197843, 'Kentucky': 0, 'Louisiana': 0, 'Maine': 16503.781976092974, 'Maryland': 17040.271238974085, 'Massachusetts': 19285.087431954522, 'Michigan': 181334.86685407715, 'Minnesota': 67565.8436013014, 'Mississippi': 0, 'Missouri': 93623.27340207307, 'Montana': 30277.678260736484, 'Nebraska': 84965.95628713461, 'Nevada': 13320.981080024558, 'New Hampshire': 6690.653119304244, 'New Jersey': 6001.143936006745, 'New Mexico': 101003.6386852925, 'New York': 105721.02241917276, 'North Carolina': 75316.61926424793, 'North Dakota': 67387.03682401465, 'Ohio': 63072.71450861393, 'Oklahoma': 186449.23275050902, 'Oregon': 82696.3177155886, 'Pennsylvania': 92336.962238299, 'Rhode Island': 4939.336430924036, 'South Carolina': 0, 'South Dakota': 54600.32218975809, 'Tennessee': 6839.287732451076, 'Texas': 863868.3692081597, 'Utah': 9620.138839126606, 'Vermont': 4246.098716681876, 'Virginia': 1964.3953860056101, 'Washington': 97538.24856508219, 'West Virginia': 27255.498296046848, 'Wisconsin': 59310.44358343182, 'Wyoming': 37991.90526445769}",2059
29,2049,397908.3042086179,"{'Alabama': 0, 'Arizona': 2996.1435344397873, 'Arkansas': 4840.445926998524, 'California': 20768.819108390995, 'Colorado': 7082.077910869213, 'Connecticut': 2394.6121299826336, 'Delaware': 1033.9757656912846, 'Florida': 0, 'Georgia': 0, 'Idaho': 2916.2389779047517, 'Illinois': 33475.291505431815, 'Indiana': 7391.92362991705, 'Iowa': 23932.81774541933, 'Kansas': 9245.818125152911, 'Kentucky': 0, 'Louisiana': 0, 'Maine': 1559.777368367628, 'Maryland': 4563.012692283212, 'Massachusetts': 6267.213318374643, 'Michigan': 21463.680007426716, 'Minnesota': 5108.674151743085, 'Mississippi': 0, 'Missouri': 13408.33231382292, 'Montana': 3445.7935127051546, 'Nebraska': 7080.598251319549, 'Nevada': 2189.1068300966585, 'New Hampshire': 1094.6677061938167, 'New Jersey': 2962.003925451175, 'New Mexico': 11914.88171738051, 'New York': 16969.586298256807, 'North Carolina': 13270.4922688932, 'North Dakota': 4641.614132683219, 'Ohio': 12522.982548247366, 'Oklahoma': 13791.712974071455, 'Oregon': 8172.111589305378, 'Pennsylvania': 16460.363659203307, 'Rhode Island': 835.1345293443145, 'South Carolina': 0, 'South Dakota': 5164.914468901157, 'Tennessee': 2983.9709149175114, 'Texas': 70943.57992862331, 'Utah': 892.8237367221411, 'Vermont': 733.5270410404516, 'Virginia': 470.45391120326406, 'Washington': 12061.607244320043, 'West Virginia': 3664.857114605983, 'Wisconsin': 13455.564627366477, 'Wyoming': 3737.1010655492405}",3736033.588096688,"{'Alabama': 0, 'Arizona': 19681.951123454026, 'Arkansas': 3722.456240699029, 'California': 161314.69114823814, 'Colorado': 97992.47882627964, 'Connecticut': 3619.08908141672, 'Delaware': 2407.372420386585, 'Florida': 0, 'Georgia': 0, 'Idaho': 30694.13831852162, 'Illinois': 285477.02993973217, 'Indiana': 77682.84824698548, 'Iowa': 307742.82756955456, 'Kansas': 141170.82127816416, 'Kentucky': 0, 'Louisiana': 0, 'Maine': 16821.666989754187, 'Maryland': 19036.97122290621, 'Massachusetts': 22112.662032087923, 'Michigan': 195686.44394747485, 'Minnesota': 68124.1604298069, 'Mississippi': 0, 'Missouri': 101674.87522428151, 'Montana': 31748.247281509794, 'Nebraska': 88090.40591994495, 'Nevada': 14621.25958294865, 'New Hampshire': 7079.843036882871, 'New Jersey': 7369.770221980592, 'New Mexico': 107893.91913698197, 'New York': 113955.29117981244, 'North Carolina': 87365.66264710657, 'North Dakota': 67962.57892771634, 'Ohio': 68897.00516622579, 'Oklahoma': 189975.84535587713, 'Oregon': 85164.48494022143, 'Pennsylvania': 100602.67267468681, 'Rhode Island': 5373.1985426150495, 'South Carolina': 0, 'South Dakota': 56601.35998181979, 'Tennessee': 8077.095094527875, 'Texas': 887764.765505967, 'Utah': 9908.658210158685, 'Vermont': 4457.464472364215, 'Virginia': 2246.7223646612542, 'Washington': 102343.99406962661, 'West Virginia': 28901.752365400363, 'Wisconsin': 65619.30172934964, 'Wyoming': 39049.805648594}",2039
30,2050,424727.74194027454,"{'Alabama': 0, 'Arizona': 3265.7964525393686, 'Arkansas': 7115.4555126878295, 'California': 21807.260063810547, 'Colorado': 7223.719469086597, 'Connecticut': 2969.3190411784653, 'Delaware': 1292.4697071141056, 'Florida': 0, 'Georgia': 0, 'Idaho': 3032.888537020942, 'Illinois': 35483.80899575772, 'Indiana': 7687.600575113732, 'Iowa': 24650.802277781906, 'Kansas': 9338.27630640444, 'Kentucky': 0, 'Louisiana': 0, 'Maine': 1590.9729157349807, 'Maryland': 5110.574215357197, 'Massachusetts': 7207.295316130838, 'Michigan': 23180.774408020858, 'Minnesota': 5159.760893260515, 'Mississippi': 0, 'Missouri': 14615.082222066983, 'Montana': 3618.0831883404126, 'Nebraska': 7363.82218137233, 'Nevada': 2408.0175131063243, 'New Hampshire': 1160.3477685654457, 'New Jersey': 3643.2648283049457, 'New Mexico': 12748.923437597145, 'New York': 18327.15320211736, 'North Carolina': 15393.77103191611, 'North Dakota': 4688.0302740100515, 'Ohio': 13775.2808030721, 'Oklahoma': 14067.547233552885, 'Oregon': 8417.27493698454, 'Pennsylvania': 17941.796388531606, 'Rhode Island': 910.2966369853028, 'South Carolina': 0, 'South Dakota': 5371.5110476572045, 'Tennessee': 3521.0856796026637, 'Texas': 73071.88732648201, 'Utah': 919.6084488238054, 'Vermont': 777.5386635028788, 'Virginia': 536.317458771721, 'Washington': 12664.687606536045, 'West Virginia': 3884.748541482342, 'Wisconsin': 14935.67673637679, 'Wyoming': 3849.2140975157176}",3916312.6403160477,"{'Alabama': 0, 'Arizona': 21479.863970410992, 'Arkansas': 5468.8417505785, 'California': 169161.827596685, 'Colorado': 99816.71314799467, 'Connecticut': 4477.300223905848, 'Delaware': 3014.2634399630288, 'Florida': 0, 'Georgia': 0, 'Idaho': 31913.431910291063, 'Illinois': 301335.06338896404, 'Indiana': 80537.26025326284, 'Iowa': 316131.5809400486, 'Kansas': 142429.42458278438, 'Kentucky': 0, 'Louisiana': 0, 'Maine': 17141.167111352257, 'Maryland': 21258.381648730963, 'Massachusetts': 25382.881152259113, 'Michigan': 211094.70823242253, 'Minnesota': 68678.66699988446, 'Mississippi': 0, 'Missouri': 110618.49803514975, 'Montana': 33300.50355029574, 'Nebraska': 91382.41210102035, 'Nevada': 16086.637386883302, 'New Hampshire': 7489.705743187341, 'New Jersey': 9061.44834434835, 'New Mexico': 115283.19048094882, 'New York': 122864.58010821886, 'North Carolina': 101402.31472007693, 'North Dakota': 68570.66863227526, 'Ohio': 75214.47518246685, 'Oklahoma': 193613.67482189572, 'Oregon': 87806.11088342368, 'Pennsylvania': 109471.94568869955, 'Rhode Island': 5848.381102146783, 'South Carolina': 0, 'South Dakota': 58704.5201736415, 'Tennessee': 9514.19267699662, 'Texas': 912628.1838831265, 'Utah': 10202.080005893507, 'Vermont': 4682.186964345079, 'Virginia': 2557.4859083680844, 'Washington': 107349.86883553062, 'West Virginia': 30669.229239171327, 'Wisconsin': 72541.86150176087, 'Wyoming': 40127.10799667501}",2047
